record_id,post_url,image_source_url,visual_kind,source_basis,image_status,image_filename,image_relative_path,image_absolute_path,image_width_px,image_height_px,image_aspect_ratio,image_sha256,image_bytes,downloaded_at_utc,mosaic_index,image_video_frame_seconds
7040119962111238144,https://www.linkedin.com/posts/riadmeddeb_building-resilient-futures-in-the-caribbean-activity-7040119962111238144-Svt2,https://media.licdn.com/dms/image/sync/v2/C4E27AQGt9F4iDVR_sw/articleshare-shrink_800/articleshare-shrink_800/0/1711465347350?e=2147483647&v=beta&t=PbB3H6O3ogo1OoRPDca_YrGYgw9bY2dMwy13eIZwC0s,post image or shared preview,supplied post metadata,downloaded,7040119962111238144.jpg,post_images/7040119962111238144.jpg,/Users/ben/Documents/UNDP/SEH/Social Media Analysis/outputs/linkedin_audit_20261002/post_images/7040119962111238144.jpg,800,420,1.9047619047619047,60459e5bc3f862beff9d4a6045439d065212f0cb891c5a6ce40f9c76391f54d0,50667,2026-10-02T11:32:47.365698+00:00,1,
7053298989672062976,https://www.linkedin.com/posts/riadmeddeb_stockholmclimateweek-sustainable-climateaction-activity-7053298989672062976-EvVl,https://media.licdn.com/dms/image/v2/D4D22AQF563aMK-JI1w/feedshare-image-high-res/feedshare-image-high-res/0/1681379821625?e=2147483647&v=beta&t=GBJmdtFP7gBOecZoGwQo_DmCTcy5D4VsAvLPfy_hYgA,post image or shared preview,supplied post metadata,downloaded,7053298989672062976.jpg,post_images/7053298989672062976.jpg,/Users/ben/Documents/UNDP/SEH/Social Media Analysis/outputs/linkedin_audit_20261002/post_images/7053298989672062976.jpg,1080,1080,1.0,1fd0b13a06a29c9d20167e390084ea91d25499ffff941c6974d956294442cccd,112701,2026-10-02T11:32:47.368600+00:00,2,
7055150721750429696,https://www.linkedin.com/posts/riadmeddeb_activity-7055150721750429696-djQm,https://media.licdn.com/dms/image/v2/D4E22AQE-0Zuv5VJgtA/feedshare-image-high-res/feedshare-image-high-res/0/1682078647545?e=2147483647&v=beta&t=6oMdZVGV3xgMskM_PxnGdmT7oj6qHZR2PIJCrDwRwGQ,post image or shared preview,supplied post metadata,downloaded,7055150721750429696.jpg,post_images/7055150721750429696.jpg,/Users/ben/Documents/UNDP/SEH/Social Media Analysis/outputs/linkedin_audit_20261002/post_images/7055150721750429696.jpg,1061,1536,0.6907552083333334,e16c22666c9d1ab66abe1624d67583572e24c41ea77b273342aa0f305eec68d4,175566,2026-10-02T11:32:47.371576+00:00,3,
7062912300034215937,https://www.linkedin.com/posts/riadmeddeb_energyfordevelopment-socialmedia-activity-7062912300034215937-eosG,https://media.licdn.com/dms/image/v2/D4E22AQGpYHvw1WeXww/feedshare-image-high-res/feedshare-image-high-res/0/1683929513325?e=2147483647&v=beta&t=-u715cBcOaMLlgBVwQcvwDnI2JXG63WdWLCvhc7tIJM,post image or shared preview,supplied post metadata,downloaded,7062912300034215937.jpg,post_images/7062912300034215937.jpg,/Users/ben/Documents/UNDP/SEH/Social Media Analysis/outputs/linkedin_audit_20261002/post_images/7062912300034215937.jpg,1179,663,1.7782805429864252,3074cdc0fbbb5e896f43b28e1f175ff1c85dbc8df4049c660eb4637da2efa748,193872,2026-10-02T11:32:47.372445+00:00,4,
7072985567633776640,https://www.linkedin.com/posts/riadmeddeb_biodiversityday-activity-7072985567633776640-zvAd,https://media.licdn.com/dms/image/v2/D5605AQFIfLr6I_HYSg/videocover-high/videocover-high/0/1684510589067?e=2147483647&v=beta&t=uWsnz-o_BWP-WDu2k2qYhaY88bex5sO62VrLqh5q3Vk,video thumbnail,supplied post metadata,downloaded,7072985567633776640.jpg,post_images/7072985567633776640.jpg,/Users/ben/Documents/UNDP/SEH/Social Media Analysis/outputs/linkedin_audit_20261002/post_images/7072985567633776640.jpg,720,720,1.0,497c70e764988b77073fb99be9771d4b7c07d459a6b7fb16333d54692a515bd2,69164,2026-10-02T11:32:47.363998+00:00,5,
7104458031756652544,https://www.linkedin.com/posts/riadmeddeb_energy-renewableenergy-energyfordevelopment-activity-7104458031756652544-OesR,https://media.licdn.com/dms/image/v2/D4E22AQErWvlo4FV5Hw/feedshare-image-high-res/feedshare-image-high-res/0/1693537326158?e=2147483647&v=beta&t=QapvjEZsGqk06AMDMzzLMn5Y3qdBWaObEqQ5qaYj5iI,post image or shared preview,supplied post metadata,downloaded,7104458031756652544.jpg,post_images/7104458031756652544.jpg,/Users/ben/Documents/UNDP/SEH/Social Media Analysis/outputs/linkedin_audit_20261002/post_images/7104458031756652544.jpg,1179,1179,1.0,5853ce2d38d3e94b0f9d4b10959dd9921397c0d1de15d586709dd9945c11abe7,223441,2026-10-02T11:32:47.374611+00:00,6,
7107757725740093440,https://www.linkedin.com/posts/riadmeddeb_energy-digital-energyfordevelopment-activity-7107757725740093440-EfWJ,https://media.licdn.com/dms/image/v2/D4E22AQEoo52mjHQ_xg/feedshare-image-high-res/feedshare-image-high-res/0/1694597482763?e=2147483647&v=beta&t=pzhvvs__CGE14T3_jXAJDQRP9Yv7yaVQjdchVgCDM0Y,post image or shared preview,supplied post metadata,downloaded,7107757725740093440.jpg,post_images/7107757725740093440.jpg,/Users/ben/Documents/UNDP/SEH/Social Media Analysis/outputs/linkedin_audit_20261002/post_images/7107757725740093440.jpg,1179,664,1.7756024096385543,5e5f1611f904a4579b7d4a3f70a987411cac6a32d71b6e4c04ff1de4247bc37c,131877,2026-10-02T11:32:47.372589+00:00,7,
7112164898792431616,https://www.linkedin.com/posts/riadmeddeb_maldives-solar-energyfordevelopment-activity-7112164898792431616-GQFi,https://media.licdn.com/dms/image/v2/D4E22AQHIV6eneLx4MQ/feedshare-image-high-res/feedshare-image-high-res/0/1695672248024?e=2147483647&v=beta&t=StDaJtB-oZ0LuzDSIAOuw1xN6KwrD0fG8o5g11ofSjk,post image or shared preview,supplied post metadata,downloaded,7112164898792431616.jpg,post_images/7112164898792431616.jpg,/Users/ben/Documents/UNDP/SEH/Social Media Analysis/outputs/linkedin_audit_20261002/post_images/7112164898792431616.jpg,1179,1179,1.0,1b2402d4d29d96a02f50a504bab56b13068d88f71b87c5b86fdff6fa075793ef,207480,2026-10-02T11:32:47.376737+00:00,8,
7114799875212353537,https://www.linkedin.com/posts/riadmeddeb_sids-risingupforsids-activity-7114799875212353537-jLAq,https://media.licdn.com/dms/image/v2/D4E22AQEvdEqh-Gmz5w/feedshare-image-high-res/feedshare-image-high-res/0/1696300475371?e=2147483647&v=beta&t=U2r9SKx4EJFGZJAj7QzAsP6xz2VM4lioXBHZEczt6FQ,post image or shared preview,supplied post metadata,downloaded,7114799875212353537.jpg,post_images/7114799875212353537.jpg,/Users/ben/Documents/UNDP/SEH/Social Media Analysis/outputs/linkedin_audit_20261002/post_images/7114799875212353537.jpg,1050,1536,0.68359375,9687448804a60d300112df3d9cd9c918ad05079b83e1b742b1d8d46ee74b01a7,210250,2026-10-02T11:32:47.379460+00:00,9,
7115234014851948544,https://www.linkedin.com/posts/riadmeddeb_energy-energyfordevelopment-activity-7115234014851948544-NBSt,https://media.licdn.com/dms/image/v2/D4E22AQGjY7nGh95GgQ/feedshare-image-high-res/feedshare-image-high-res/0/1696403982598?e=2147483647&v=beta&t=_2mPN4tN54B5ntPVjHI3yUyxZog7A0CKdKGC-vtE8yc,post image or shared preview,supplied post metadata,downloaded,7115234014851948544.jpg,post_images/7115234014851948544.jpg,/Users/ben/Documents/UNDP/SEH/Social Media Analysis/outputs/linkedin_audit_20261002/post_images/7115234014851948544.jpg,1179,663,1.7782805429864252,9e0be94d93b98f244124132cea9a61f8f612796b2e008c65d163a46ca2c5b58c,168905,2026-10-02T11:32:47.380706+00:00,10,
7116901811982061568,https://www.linkedin.com/posts/riadmeddeb_singapour-ville-verte-france-24-activity-7116901811982061568-Klfw,https://media.licdn.com/dms/image/sync/v2/D4E27AQGqBVzbMO_KjQ/articleshare-shrink_800/articleshare-shrink_800/0/1712106052773?e=2147483647&v=beta&t=4hotaXwhDmmv-8MHuxuMJFwLGxYDW9X32tK43zGOKcM,post image or shared preview,supplied post metadata,downloaded,7116901811982061568.jpg,post_images/7116901811982061568.jpg,/Users/ben/Documents/UNDP/SEH/Social Media Analysis/outputs/linkedin_audit_20261002/post_images/7116901811982061568.jpg,640,480,1.3333333333333333,2980700c392529884522f46746cd6e3754e98382365ff22bc1a7b5e50de2e3ca,30117,2026-10-02T11:32:47.375581+00:00,11,
7124797075807965184,https://www.linkedin.com/posts/riadmeddeb_solar-digital-energy-activity-7124797075807965184-K9aJ,https://media.licdn.com/dms/image/v2/D4E05AQHnpG6bfQQmNw/videocover-high/videocover-high/0/1698683994502?e=2147483647&v=beta&t=yfzHotsg1NNnwY60IxwhQqVaiG-EQ4Gp3YOcheLlq5o,video thumbnail,supplied post metadata,downloaded,7124797075807965184.jpg,post_images/7124797075807965184.jpg,/Users/ben/Documents/UNDP/SEH/Social Media Analysis/outputs/linkedin_audit_20261002/post_images/7124797075807965184.jpg,1280,720,1.7777777777777777,6656b7df33d6e7b3ec1470673911912ae93e194fe3060796b89d02848366fe9b,47766,2026-10-02T11:32:47.377173+00:00,12,
7128035862600151040,https://www.linkedin.com/posts/riadmeddeb_energy-energytransition-energyfordevelopment-activity-7128035862600151040-3JPM,https://media.licdn.com/dms/image/v2/D4E22AQHGVvVLzKVNyw/feedshare-image-high-res/feedshare-image-high-res/0/1699456181100?e=2147483647&v=beta&t=pUK0tv-gbfxMGxB0TE3aZVQss2Y-s4Rjir2FrnjBnhM,post image or shared preview,supplied post metadata,downloaded,7128035862600151040.jpg,post_images/7128035862600151040.jpg,/Users/ben/Documents/UNDP/SEH/Social Media Analysis/outputs/linkedin_audit_20261002/post_images/7128035862600151040.jpg,1179,1179,1.0,960926078e456479790e8e2e23425a632e9cd6b58030abbecd70ed6ad7af4deb,233393,2026-10-02T11:32:47.389446+00:00,13,
7130504162802327553,https://www.linkedin.com/posts/riadmeddeb_energygovernance-energyfordevelopment-activity-7130504162802327553-izqd,https://media.licdn.com/dms/image/v2/D4E22AQGl7EWRJpEs1g/feedshare-image-high-res/feedshare-image-high-res/0/1700044669364?e=2147483647&v=beta&t=ineVttDNWARRxoG9uM9wUhsBt_Q6P9vmfRfA8n5G0UU,post image or shared preview,supplied post metadata,downloaded,7130504162802327553.jpg,post_images/7130504162802327553.jpg,/Users/ben/Documents/UNDP/SEH/Social Media Analysis/outputs/linkedin_audit_20261002/post_images/7130504162802327553.jpg,1179,1179,1.0,f77d4e2981607c30afcdee4d22ac2c8d5ce7bed2f92d6365bf7d74ba6b907358,230176,2026-10-02T11:32:47.388223+00:00,14,
7137196415516045312,https://www.linkedin.com/posts/riadmeddeb_energytransition-indigenous-energyfordevelopment-activity-7137196415516045312-ESYx,https://media.licdn.com/dms/image/v2/D4E05AQGswiydpvTzNg/videocover-high/videocover-high/0/1701640227411?e=2147483647&v=beta&t=drMSe8pozMDRVFdEQNZ2_2fQJQ4Os9pM-tKq83IemUA,video thumbnail,supplied post metadata,downloaded,7137196415516045312.jpg,post_images/7137196415516045312.jpg,/Users/ben/Documents/UNDP/SEH/Social Media Analysis/outputs/linkedin_audit_20261002/post_images/7137196415516045312.jpg,1280,720,1.7777777777777777,0a5db2b3d66fa85bec26e551ceb7bf93642c96431aa9821185082d4fde020bfc,113543,2026-10-02T11:32:47.381147+00:00,15,
7151329681911209985,https://www.linkedin.com/posts/riadmeddeb_%D9%81%D9%8A-%D8%B9%D8%A7%D9%85-2022-%D8%A7%D8%B2%D8%AF%D8%A7%D8%AF-%D8%A7%D8%B3%D8%AA%D9%87%D9%84%D8%A7%D9%83-%D8%A7%D9%84%D8%B7%D8%A7%D9%82%D8%A9-%D8%A7%D9%84%D9%85%D8%AA%D8%AC%D8%AF%D8%AF%D8%A9-activity-7151329681911209985-7MBE,https://media.licdn.com/dms/image/v2/D4D05AQE1tbD5fDmOWg/videocover-high/videocover-high/0/1705009860362?e=2147483647&v=beta&t=kPPli3VZg-D9zqqiUJFjPNg14hanf4z2fKA0fkCpxj4,video thumbnail,supplied post metadata,downloaded,7151329681911209985.jpg,post_images/7151329681911209985.jpg,/Users/ben/Documents/UNDP/SEH/Social Media Analysis/outputs/linkedin_audit_20261002/post_images/7151329681911209985.jpg,1272,720,1.7666666666666666,de594d9ac4737a31b96c1e7c11871d110148130811627e3af741e6c1f8279ae1,57146,2026-10-02T11:32:47.380866+00:00,16,
7151542306502832128,https://www.linkedin.com/posts/riadmeddeb_energytransition-data-ai-activity-7151542306502832128-l8dv,https://media.licdn.com/dms/image/v2/D4E05AQHVqLh1NPb1Fg/videocover-high/videocover-high/0/1705060554478?e=2147483647&v=beta&t=t0ao9zI-gHgOemxVTsdO89u3aZDTiPwWwS54Bzv4i5g,video thumbnail,supplied post metadata,downloaded,7151542306502832128.jpg,post_images/7151542306502832128.jpg,/Users/ben/Documents/UNDP/SEH/Social Media Analysis/outputs/linkedin_audit_20261002/post_images/7151542306502832128.jpg,1272,720,1.7666666666666666,39253e6879b43bfe3dafad88041e968bb9969e19b4765a69f41ed5485d192ffa,49650,2026-10-02T11:32:47.383731+00:00,17,
7156070210758672384,https://www.linkedin.com/posts/riadmeddeb_renewable-activity-7156070210758672384-pT5p,https://media.licdn.com/dms/image/v2/D4E22AQF2c-OECEwipQ/feedshare-image-high-res/feedshare-image-high-res/0/1706140090987?e=2147483647&v=beta&t=-iVIKPRUdRI1nbYt5W2RiAWtEKVvPJOYQkFNFDYR_yU,post image or shared preview,supplied post metadata,downloaded,7156070210758672384.jpg,post_images/7156070210758672384.jpg,/Users/ben/Documents/UNDP/SEH/Social Media Analysis/outputs/linkedin_audit_20261002/post_images/7156070210758672384.jpg,1179,664,1.7756024096385543,1ee351e34172c51eb9cae4006fa1f24323cf51c82b367c029cb460e81651449c,137207,2026-10-02T11:32:47.388687+00:00,18,
7156399233057640448,https://www.linkedin.com/posts/riadmeddeb_energy-energyfordevelopment-activity-7156399233057640448-2Xi0,https://media.licdn.com/dms/image/v2/D4E22AQGkFRuockf_pQ/feedshare-image-high-res/feedshare-image-high-res/0/1706218535758?e=2147483647&v=beta&t=vSwWBfktMz3VODZHAM0iWuC9Z4C9xi3oOakHKeaZ1Iw,post image or shared preview,supplied post metadata,downloaded,7156399233057640448.jpg,post_images/7156399233057640448.jpg,/Users/ben/Documents/UNDP/SEH/Social Media Analysis/outputs/linkedin_audit_20261002/post_images/7156399233057640448.jpg,1179,664,1.7756024096385543,cdd806a5a55861530da8dc3861eb99fa02717c46741ad486f0dfd4dd3830098e,141481,2026-10-02T11:32:47.389715+00:00,19,
7169057029792215041,https://www.linkedin.com/posts/riadmeddeb_activity-7169057029792215041-VCAi,https://media.licdn.com/dms/image/v2/D4E22AQEiPc5tDWQW8A/feedshare-shrink_800/feedshare-shrink_800/0/1709236389173?e=2147483647&v=beta&t=TqV0B5LV3PCH0PELz8fRG6NTrrgrmG1ZwOUsiisDXXI,post image or shared preview,supplied post metadata,downloaded,7169057029792215041.jpg,post_images/7169057029792215041.jpg,/Users/ben/Documents/UNDP/SEH/Social Media Analysis/outputs/linkedin_audit_20261002/post_images/7169057029792215041.jpg,800,418,1.9138755980861244,1714c4debddd5c3f772c0abfc7d7fb83df31903e738b3abbc48b7dccd3907de9,80565,2026-10-02T11:32:47.385857+00:00,20,
7173333645410181120,https://www.linkedin.com/posts/riadmeddeb_energytransition-energyfordevelopment-activity-7173333645410181120-IDcs,https://media.licdn.com/dms/image/v2/D4E05AQGLFyewW5uubQ/videocover-high/videocover-high/0/1710256014571?e=2147483647&v=beta&t=OSklPSjRhSYIMgHc6jo7e1RSDu-V-mWREGcwJOoZm5Y,video thumbnail,supplied post metadata,downloaded,7173333645410181120.jpg,post_images/7173333645410181120.jpg,/Users/ben/Documents/UNDP/SEH/Social Media Analysis/outputs/linkedin_audit_20261002/post_images/7173333645410181120.jpg,1280,720,1.7777777777777777,866934541f3ee63046987580e254ae794aa9d440fe42b3e6df228c040362c327,132827,2026-10-02T11:32:47.390062+00:00,21,
7173428519216074752,https://www.linkedin.com/posts/riadmeddeb_energy-energyfordevelopment-activity-7173428519216074752-EroV,https://media.licdn.com/dms/image/v2/D4E22AQEexXRn-kgWDg/feedshare-image-high-res/feedshare-image-high-res/0/1710278633341?e=2147483647&v=beta&t=QD2gkHsAEP5FyY61PS-CYkJGPe-bnlfgH88d29QXOik,post image or shared preview,supplied post metadata,downloaded,7173428519216074752.jpg,post_images/7173428519216074752.jpg,/Users/ben/Documents/UNDP/SEH/Social Media Analysis/outputs/linkedin_audit_20261002/post_images/7173428519216074752.jpg,1179,664,1.7756024096385543,aa655ea1e3d8229b8f6d1c11695c25ad532f41cf9c2ba917ad39c7af83b8dc10,127212,2026-10-02T11:32:47.393634+00:00,22,
7178410861546373122,https://www.linkedin.com/posts/riadmeddeb_energyfordevelopment-justenergytransition-activity-7178410861546373122-PKWj,https://media.licdn.com/dms/image/v2/D4E22AQEj_DcBnRuEpw/feedshare-image-high-res/feedshare-image-high-res/0/1711466516044?e=2147483647&v=beta&t=J2sMTE_oHZR-bFxJ2FDAZ20lhwkmO8Y-lWaClYmzZ1M,post image or shared preview,supplied post metadata,downloaded,7178410861546373122.jpg,post_images/7178410861546373122.jpg,/Users/ben/Documents/UNDP/SEH/Social Media Analysis/outputs/linkedin_audit_20261002/post_images/7178410861546373122.jpg,1179,617,1.9108589951377635,b35ce222e8844a576ac57067c4b9e4c463513a84f4e55293e1397b5a898db161,130582,2026-10-02T11:32:47.394866+00:00,23,
7181071862741782528,https://www.linkedin.com/posts/riadmeddeb_sustainableenergy-istanbul-energyfordevelopment-activity-7181071862741782528-2iNB,https://media.licdn.com/dms/image/v2/D4E22AQF1CdQlISISBw/feedshare-image-high-res/feedshare-image-high-res/0/1712100948066?e=2147483647&v=beta&t=JGs1vjbu9-iZ7GgDZNQvR22ExGxqk2yiDqb7r0nCe08,post image or shared preview,supplied post metadata,downloaded,7181071862741782528.jpg,post_images/7181071862741782528.jpg,/Users/ben/Documents/UNDP/SEH/Social Media Analysis/outputs/linkedin_audit_20261002/post_images/7181071862741782528.jpg,1179,664,1.7756024096385543,f124819b024b51c555068450ffbc4ab473001c5c50fb3dc058cb27072c7d9b29,112424,2026-10-02T11:32:47.394064+00:00,24,
7182320562298343424,https://www.linkedin.com/posts/riadmeddeb_energyfordevelopment-activity-7182320562298343424-Rw5i,https://media.licdn.com/dms/image/v2/D4E22AQHgZiyfeDvILw/feedshare-image-high-res/feedshare-image-high-res/0/1712398660359?e=2147483647&v=beta&t=CgUhXm8nwvLNw1s9pt1ZpNmXdUY0pFlne-XVmwD-z8U,post image or shared preview,supplied post metadata,downloaded,7182320562298343424.jpg,post_images/7182320562298343424.jpg,/Users/ben/Documents/UNDP/SEH/Social Media Analysis/outputs/linkedin_audit_20261002/post_images/7182320562298343424.jpg,1179,885,1.3322033898305086,4cc461811c1cec2e6ae00fdbf62f48dfb33cf5f1b39145c4f4ef4e6bed95b79b,127158,2026-10-02T11:32:47.398152+00:00,25,
7183492345860890625,https://www.linkedin.com/posts/riadmeddeb_energyfordevelopment-justenergytransition-activity-7183492345860890625-NJ8q,https://media.licdn.com/dms/image/v2/D4E22AQHirEg8NYQOPg/feedshare-image-high-res/feedshare-image-high-res/0/1712678036625?e=2147483647&v=beta&t=Z3Pb8qFxitIOnGMCE-vq4jMTqzKlNBgjq2FmGD81w5Y,post image or shared preview,supplied post metadata,downloaded,7183492345860890625.jpg,post_images/7183492345860890625.jpg,/Users/ben/Documents/UNDP/SEH/Social Media Analysis/outputs/linkedin_audit_20261002/post_images/7183492345860890625.jpg,1179,617,1.9108589951377635,74ca9fbb96afcd577ea67e68c7ad11e1730086a953d547419e428ab69b0abda5,133440,2026-10-02T11:32:47.397603+00:00,26,
7185849670722572288,https://www.linkedin.com/posts/riadmeddeb_energy-energyfordevelopment-youth-activity-7185849670722572288-v-q1,https://media.licdn.com/dms/image/v2/D4E22AQFlvz0johvNFQ/feedshare-image-high-res/feedshare-image-high-res/0/1713240066757?e=2147483647&v=beta&t=dCdLukxFqEPz8C4_lEsWTOc88hevO8yGZq80PvEM3B4,post image or shared preview,supplied post metadata,downloaded,7185849670722572288.jpg,post_images/7185849670722572288.jpg,/Users/ben/Documents/UNDP/SEH/Social Media Analysis/outputs/linkedin_audit_20261002/post_images/7185849670722572288.jpg,1179,1179,1.0,7ab392985809f45b6b3606a3c32be57b88e91326babb84a0d8c1c016f96e4eff,148489,2026-10-02T11:32:47.399101+00:00,27,
7186210075538026496,https://www.linkedin.com/posts/riadmeddeb_join-us-here-httpslnkdineqswmexp-activity-7186210075538026496--uhD,https://media.licdn.com/dms/image/v2/D4E22AQFiegf20b5yLw/feedshare-shrink_800/feedshare-shrink_800/0/1713325993822?e=2147483647&v=beta&t=Tr_jTLkHmg6zEcHTIA_02Wd3Ee0ZyFRn7_IyHNPB9rc,post image or shared preview,supplied post metadata,downloaded,7186210075538026496.gif,post_images/7186210075538026496.gif,/Users/ben/Documents/UNDP/SEH/Social Media Analysis/outputs/linkedin_audit_20261002/post_images/7186210075538026496.gif,768,432,1.7777777777777777,0f75918618d86362a227f2469d86b1c3361efda6a896fe337b94967def5810a2,13364783,2026-10-02T11:32:47.417184+00:00,28,
7186586699613810688,https://www.linkedin.com/posts/riadmeddeb_energy-derisking-energyfordevelopment-activity-7186586699613810688-ZrSN,https://media.licdn.com/dms/image/v2/D4E22AQE9tQWXJur3tA/feedshare-image-high-res/feedshare-image-high-res/0/1713415787697?e=2147483647&v=beta&t=f70QtDGxwT0tmnV6rm5CLjm7v2D9plV1tsHiMR-z_Rs,post image or shared preview,supplied post metadata,downloaded,7186586699613810688.jpg,post_images/7186586699613810688.jpg,/Users/ben/Documents/UNDP/SEH/Social Media Analysis/outputs/linkedin_audit_20261002/post_images/7186586699613810688.jpg,1179,885,1.3322033898305086,26f51d9e37632d43841e6b64a1cfec33fb5a41f77d355f072bc8534b59211bee,135618,2026-10-02T11:32:47.406021+00:00,29,
7187212052656967680,https://www.linkedin.com/posts/riadmeddeb_what-does-tackling-energy-gaps-look-like-activity-7187212052656967680-8Yq8,https://media.licdn.com/dms/image/v2/D4E22AQF6F3EpOwBg1A/feedshare-image-high-res/feedshare-image-high-res/0/1713564883703?e=2147483647&v=beta&t=53uppS47zOkJkpwDDDDIDZc4YUmA_qNc6-btsx-lbOY,post image or shared preview,supplied post metadata,downloaded,7187212052656967680.jpg,post_images/7187212052656967680.jpg,/Users/ben/Documents/UNDP/SEH/Social Media Analysis/outputs/linkedin_audit_20261002/post_images/7187212052656967680.jpg,1179,664,1.7756024096385543,d4b1ab8fb7383673f7bb3037553d1d3517332e6e8d93613cee916e98a76ef2b3,88611,2026-10-02T11:32:47.408694+00:00,30,
7188508063010598912,https://www.linkedin.com/posts/riadmeddeb_youth-energy-energyfordevelopment-activity-7188508063010598912-vQfE,https://media.licdn.com/dms/image/v2/D4E22AQFpy4Jge-GU2g/feedshare-image-high-res/feedshare-image-high-res/0/1713873876582?e=2147483647&v=beta&t=_33sS0z-pS4S8uuH6hQUCjjffxjhg0prXG05eKAV4EI,post image or shared preview,supplied post metadata,downloaded,7188508063010598912.jpg,post_images/7188508063010598912.jpg,/Users/ben/Documents/UNDP/SEH/Social Media Analysis/outputs/linkedin_audit_20261002/post_images/7188508063010598912.jpg,1179,664,1.7756024096385543,5b29440a2c96772d12893074a9005e99eba510729e77df32d052be54d3570e05,136381,2026-10-02T11:32:47.411845+00:00,31,
7188628097007505408,https://www.linkedin.com/posts/riadmeddeb_sustainableenergy-energyfordevelopment-activity-7188628097007505408-REJ9,https://media.licdn.com/dms/image/v2/D4E22AQE9mMNOwDPOlQ/feedshare-image-high-res/feedshare-image-high-res/0/1713902494046?e=2147483647&v=beta&t=TPWxmjURd02d5gqiFNP4rMVdvaIJ5VCTGhEmZfvS1Nc,post image or shared preview,supplied post metadata,downloaded,7188628097007505408.jpg,post_images/7188628097007505408.jpg,/Users/ben/Documents/UNDP/SEH/Social Media Analysis/outputs/linkedin_audit_20261002/post_images/7188628097007505408.jpg,1179,664,1.7756024096385543,0ec804765f0e928071777979eab63a33b07be94b093af0a6246bdbc18cbab3f3,112206,2026-10-02T11:32:47.409515+00:00,32,
7191771086970142721,https://www.linkedin.com/posts/riadmeddeb_e-sids-energyfordevelopment-activity-7191771086970142721-1bhr,https://media.licdn.com/dms/image/v2/D4D05AQF0aAHOZBEA5A/videocover-high/videocover-high/0/1714651842684?e=2147483647&v=beta&t=w49PDR55JeI-6JzIZSQkIZ13ocxSzuhV5ZDHM-KbUFg,video thumbnail,supplied post metadata,downloaded,7191771086970142721.jpg,post_images/7191771086970142721.jpg,/Users/ben/Documents/UNDP/SEH/Social Media Analysis/outputs/linkedin_audit_20261002/post_images/7191771086970142721.jpg,1272,720,1.7666666666666666,6524a8c50ec9cba00e4fb62f13282483b57e5bf33705c4ad2d9c53ef6b7f8ee3,48597,2026-10-02T11:32:47.405808+00:00,33,
7194757235149799424,https://www.linkedin.com/posts/riadmeddeb_cleancooking-activity-7194757235149799424-Wnji,https://media.licdn.com/dms/image/v2/D4E22AQEAmNx03fe5bA/feedshare-image-high-res/feedshare-image-high-res/0/1715363796268?e=2147483647&v=beta&t=4L_RqjYy2ecftUknMmqCjCNmzr5a9EDn4Hvhc55gWp8,post image or shared preview,supplied post metadata,downloaded,7194757235149799424.jpg,post_images/7194757235149799424.jpg,/Users/ben/Documents/UNDP/SEH/Social Media Analysis/outputs/linkedin_audit_20261002/post_images/7194757235149799424.jpg,1179,1225,0.9624489795918367,73d0c7eb068c38c895cef2bb77a8d79548f97250f1f14196476443145a200adb,225513,2026-10-02T11:32:47.419329+00:00,34,
7196116435746603009,https://www.linkedin.com/posts/riadmeddeb_energyfordevelopment-cocinalimpia-activity-7196116435746603009--4C_,https://media.licdn.com/dms/image/v2/D4E05AQH52YwRfJkgOQ/videocover-high/videocover-high/0/1715687854582?e=2147483647&v=beta&t=LYK5bfuxiIOYqMaKeFYJ_LHAF0lsATNAuox1b75GHLA,video thumbnail,supplied post metadata,downloaded,7196116435746603009.jpg,post_images/7196116435746603009.jpg,/Users/ben/Documents/UNDP/SEH/Social Media Analysis/outputs/linkedin_audit_20261002/post_images/7196116435746603009.jpg,1280,720,1.7777777777777777,c975359dbc8995d82679fca290e25cef4c5ef8b5d55ae474a78d3ef90598ef1c,45251,2026-10-02T11:32:47.410947+00:00,35,
7201579293854810113,https://www.linkedin.com/posts/riadmeddeb_sids-energy-digital-activity-7201579293854810113-uzRB,https://media.licdn.com/dms/image/v2/D4E22AQG_ExbbwWK8YQ/feedshare-shrink_800/feedshare-shrink_800/0/1716990301249?e=2147483647&v=beta&t=GDn6OdUwNDQhMJ7T-v7_onPOgpPpNbesJ_OobJE8obY,post image or shared preview,supplied post metadata,downloaded,7201579293854810113.jpg,post_images/7201579293854810113.jpg,/Users/ben/Documents/UNDP/SEH/Social Media Analysis/outputs/linkedin_audit_20261002/post_images/7201579293854810113.jpg,800,449,1.78173719376392,89c09a5fee4ebb5509aa914f22b1322c005f2b2e33252c7ec3c64827894c1d84,105385,2026-10-02T11:32:47.413299+00:00,36,
7206611958928654337,https://www.linkedin.com/posts/riadmeddeb_energyfordevelopment-activity-7206611958928654337-SuZG,https://media.licdn.com/dms/image/v2/D4E22AQHjvbGnqxHA8g/feedshare-shrink_800/feedshare-shrink_800/0/1718190181652?e=2147483647&v=beta&t=mbMmVWRr2U0cyV20ByEIFVBDDuIiASzFbCOymoAT_Os,post image or shared preview,supplied post metadata,downloaded,7206611958928654337.jpg,post_images/7206611958928654337.jpg,/Users/ben/Documents/UNDP/SEH/Social Media Analysis/outputs/linkedin_audit_20261002/post_images/7206611958928654337.jpg,800,575,1.391304347826087,0f61f0457bee6a0d462a31ee76fe99ef65600f1b8adff230bb796bf8d2382543,66075,2026-10-02T11:32:47.412681+00:00,37,
7211402573033967617,https://www.linkedin.com/posts/riadmeddeb_on-the-ground-today-at-the-africa-energy-activity-7211402573033967617-ERqh,https://media.licdn.com/dms/image/v2/D4D22AQEmajO2b6oi2w/feedshare-shrink_800/feedshare-shrink_800/0/1719332353035?e=2147483647&v=beta&t=WopAChqTdg4QC2HXqc56AKU1HviBjHqcYe0AhpNpbtA,post image or shared preview,supplied post metadata,downloaded,7211402573033967617.jpg,post_images/7211402573033967617.jpg,/Users/ben/Documents/UNDP/SEH/Social Media Analysis/outputs/linkedin_audit_20261002/post_images/7211402573033967617.jpg,800,600,1.3333333333333333,fbb048171c96378a92ff01ac44c02c69ab762a9162cf984119d7c6b1fbf97117,86727,2026-10-02T11:32:47.414865+00:00,38,
7211703146828439552,https://www.linkedin.com/posts/riadmeddeb_energyrevolution-eaif2024-risingupforsids-activity-7211703146828439552-iF3G,https://media.licdn.com/dms/image/v2/D4E22AQFm-POfHbc2Xw/feedshare-image-high-res/feedshare-image-high-res/0/1719404015189?e=2147483647&v=beta&t=XFJXngRQnn6V31OaYYAP1hgzXBdctkExpJ-uvb5oZfU,post image or shared preview,supplied post metadata,downloaded,7211703146828439552.jpg,post_images/7211703146828439552.jpg,/Users/ben/Documents/UNDP/SEH/Social Media Analysis/outputs/linkedin_audit_20261002/post_images/7211703146828439552.jpg,1152,1536,0.75,d716aff5eb61ab0a6a5c0f58c8b63bb2719785aa519493853b1a8d0ee8f04f76,236800,2026-10-02T11:32:47.430073+00:00,39,
7212067269965680642,https://www.linkedin.com/posts/riadmeddeb_energy-energyfordevelopment-activity-7212067269965680642-szIm,https://media.licdn.com/dms/image/v2/D4E22AQGW3r7Ubfsa2g/feedshare-image-high-res/feedshare-image-high-res/0/1719490829592?e=2147483647&v=beta&t=M8e2_3ktM3YOCaHvtlP8RgB0kYTcfg-MOrPXV7wLlCA,post image or shared preview,supplied post metadata,downloaded,7212067269965680642.jpg,post_images/7212067269965680642.jpg,/Users/ben/Documents/UNDP/SEH/Social Media Analysis/outputs/linkedin_audit_20261002/post_images/7212067269965680642.jpg,1170,659,1.7754172989377845,18b0b6b0e4b65a8f8c64aa97624adb23a29027f7d7f9eb146dd12fa5a20ec394,130570,2026-10-02T11:32:47.421537+00:00,40,
7212371288881819648,https://www.linkedin.com/posts/riadmeddeb_energyfordevelopment-activity-7212371288881819648-Eszo,https://media.licdn.com/dms/image/v2/D4E22AQGqCEvkvD28eg/feedshare-image-high-res/feedshare-image-high-res/0/1719563312550?e=2147483647&v=beta&t=V1P6dr_7fpMKhbKo1yoUvVg1O8pt3F5yCfi3JwRUUJQ,post image or shared preview,supplied post metadata,downloaded,7212371288881819648.jpg,post_images/7212371288881819648.jpg,/Users/ben/Documents/UNDP/SEH/Social Media Analysis/outputs/linkedin_audit_20261002/post_images/7212371288881819648.jpg,1152,1536,0.75,51ec6965c03576a9e1dee23906dde50852f423e9314ffcf57ebcf346a37e456d,209165,2026-10-02T11:32:47.429897+00:00,41,
7212593084549738496,https://www.linkedin.com/posts/riadmeddeb_energypoverty-activity-7212593084549738496-cfO0,https://media.licdn.com/dms/image/v2/D4E22AQHL-RvkXZy4vg/feedshare-shrink_800/feedshare-shrink_800/0/1719616194006?e=1792627200&v=beta&t=e90vFbK3ZJTMbRA96cLMdZp-dMhLChfJQvZvRrtUdNo,post image or preview,signed-in browser DOM; shared-content visual where applicable,downloaded,7212593084549738496.jpg,post_images/7212593084549738496.jpg,/Users/ben/Documents/UNDP/SEH/Social Media Analysis/outputs/linkedin_audit_20261002/post_images/7212593084549738496.jpg,800,800,1.0,f9ed6480dbfa072bf2fdac59a97d03e0ac7371d16f8c18683fe50b711e9095bc,100536,2026-10-02T11:45:18.984196+00:00,42,
7216943585265348608,https://www.linkedin.com/posts/riadmeddeb_hlpf2024-sids-energyfordevelopment-activity-7216943585265348608-tCdt,https://media.licdn.com/dms/image/v2/D4D22AQGwRMWSq4BUew/feedshare-shrink_800/feedshare-shrink_800/0/1720653432916?e=2147483647&v=beta&t=ld_a1xa5IjpKUZXkLsEX_Br5RHOPJJf1dE8yTe2UcdI,post image or shared preview,supplied post metadata,downloaded,7216943585265348608.jpg,post_images/7216943585265348608.jpg,/Users/ben/Documents/UNDP/SEH/Social Media Analysis/outputs/linkedin_audit_20261002/post_images/7216943585265348608.jpg,800,457,1.75054704595186,e7dd6993af54c0424e444bc1de89c4b96dcbeef77114bee06ca941d765999d95,82063,2026-10-02T11:32:47.424985+00:00,43,
7224788163406237696,https://www.linkedin.com/posts/riadmeddeb_energy-sdg7-energyfordevelopment-activity-7224788163406237696-mkjw,https://media.licdn.com/dms/image/v2/D4E22AQHhGvBo5fCc0Q/feedshare-shrink_800/feedshare-shrink_800/0/1722523726543?e=2147483647&v=beta&t=hTEnTlPalYFxre5cdN2j7bPTPdYdPqZwaRv9ZL27ySU,post image or shared preview,supplied post metadata,downloaded,7224788163406237696.jpg,post_images/7224788163406237696.jpg,/Users/ben/Documents/UNDP/SEH/Social Media Analysis/outputs/linkedin_audit_20261002/post_images/7224788163406237696.jpg,800,831,0.9626955475330926,40914cbb325ba26a76f40e1f0c7b644bda029e86da677ef8acb59666f799c7fb,143448,2026-10-02T11:32:47.428930+00:00,44,
7227275912348643328,https://www.linkedin.com/posts/riadmeddeb_energy-energyfordevelopment-activity-7227275912348643328-fxVA,https://media.licdn.com/dms/image/v2/D4E05AQHrvXwqouJ0hQ/videocover-high/videocover-high/0/1723116828365?e=2147483647&v=beta&t=TxhUdWOLc5kOcy-QfNzhqlE_Y8sWTjU_TwQR50mOEXw,video thumbnail,supplied post metadata,downloaded,7227275912348643328.jpg,post_images/7227275912348643328.jpg,/Users/ben/Documents/UNDP/SEH/Social Media Analysis/outputs/linkedin_audit_20261002/post_images/7227275912348643328.jpg,720,720,1.0,d6b8acf9c572a43c15bfdbd0912b29294d1251fd2a78c3447d66d44d0ae82aec,24159,2026-10-02T11:32:47.424747+00:00,45,
7229061555642925056,https://www.linkedin.com/posts/riadmeddeb_energyfordevelopment-activity-7229061555642925056-pIYw,https://media.licdn.com/dms/image/v2/D4E05AQGenQeoQhlPCg/videocover-high/videocover-high/0/1723542576213?e=2147483647&v=beta&t=P6NriUCgx0Pk84-eI-mRFswlz9VbJrgQG74Lsul737w,video thumbnail,supplied post metadata,downloaded,7229061555642925056.jpg,post_images/7229061555642925056.jpg,/Users/ben/Documents/UNDP/SEH/Social Media Analysis/outputs/linkedin_audit_20261002/post_images/7229061555642925056.jpg,720,720,1.0,0835cfb0e3b6f63f67c41ceadb43171d9dbe759a6250e9c0db9db74ccd9cbd21,39401,2026-10-02T11:32:47.426959+00:00,46,
7237246200511430656,https://www.linkedin.com/posts/riadmeddeb_digital-energyfordevelopment-activity-7237246200511430656-JMZ0,https://media.licdn.com/dms/image/v2/D4E22AQEpz607Mbd14Q/feedshare-shrink_800/feedshare-shrink_800/0/1725493953786?e=2147483647&v=beta&t=R79bkUypnGPvjTNU-_KgCHzHK-_hR5V5Ey8e3Yc7feI,post image or shared preview,supplied post metadata,downloaded,7237246200511430656.jpg,post_images/7237246200511430656.jpg,/Users/ben/Documents/UNDP/SEH/Social Media Analysis/outputs/linkedin_audit_20261002/post_images/7237246200511430656.jpg,800,831,0.9626955475330926,971b78584046b71d566a929f62483de5fd9e317016e5c46c747213057286fa2a,71182,2026-10-02T11:32:47.431281+00:00,47,
7237248949680578561,https://www.linkedin.com/posts/riadmeddeb_energyfordevelopment-activity-7237248949680578561-WpYp,https://media.licdn.com/dms/image/v2/D4E22AQFGIK9d35ZRQg/feedshare-shrink_800/feedshare-shrink_800/0/1725494609762?e=2147483647&v=beta&t=P_Z0s6ybndAxOXN9tkN8ANVi7PNl_U7I1Stf3eqlJEQ,post image or shared preview,supplied post metadata,downloaded,7237248949680578561.jpg,post_images/7237248949680578561.jpg,/Users/ben/Documents/UNDP/SEH/Social Media Analysis/outputs/linkedin_audit_20261002/post_images/7237248949680578561.jpg,800,449,1.78173719376392,390ce9341f418aaf66e5c142f9d3908d588a1d93f1ebdab8cb32a0a7579b72d0,69450,2026-10-02T11:32:47.428711+00:00,48,
7240319473029713920,https://www.linkedin.com/posts/riadmeddeb_energyfordevelopment-activity-7240319473029713920-9C-i,https://media.licdn.com/dms/image/v2/D4E22AQHCzPX0yeitSQ/feedshare-shrink_800/feedshare-shrink_800/0/1726226677625?e=2147483647&v=beta&t=KMqdbB6jVRJd3hQxTig4jVje3wCaGug0IJL--uaGoGc,post image or shared preview,supplied post metadata,downloaded,7240319473029713920.jpg,post_images/7240319473029713920.jpg,/Users/ben/Documents/UNDP/SEH/Social Media Analysis/outputs/linkedin_audit_20261002/post_images/7240319473029713920.jpg,800,450,1.7777777777777777,705259b86f06c5dab0c57744dd8da58cad48279c063ec3cb248160ac3154715e,87953,2026-10-02T11:32:47.430793+00:00,49,
7241553222018940931,https://www.linkedin.com/posts/riadmeddeb_are-you-great-at-building-impactful-partnerships-activity-7241553222018940931-w2kp,https://media.licdn.com/dms/image/v2/D4E22AQHGdZLU-eATFg/feedshare-image-high-res/feedshare-image-high-res/0/1726520828647?e=2147483647&v=beta&t=S3HwMqPTueweOBrP57QqfAJ9Asuvr-2jPkEL7_P_0tE,post image or shared preview,supplied post metadata,downloaded,7241553222018940931.jpg,post_images/7241553222018940931.jpg,/Users/ben/Documents/UNDP/SEH/Social Media Analysis/outputs/linkedin_audit_20261002/post_images/7241553222018940931.jpg,989,1280,0.77265625,84723293fd9994157a14af26ac0056be87d0ff6d37708036e86c4e97ddf80b95,285987,2026-10-02T11:32:47.443839+00:00,50,
7243332191605125120,https://www.linkedin.com/posts/riadmeddeb_energy-digital-ourcommonfuture-activity-7243332191605125120-WwxX,https://dms.licdn.com/playlist/vid/v2/D4E05AQG4a04_vox-mw/feedshare-ambry-analyzed_servable_progressive_video/feedshare-ambry-analyzed_servable_progressive_video/0/1726944938918?e=2147483647&v=beta&t=JQUq3ecqI_OOvqaVY_kGGqpBREw-I-D_go56XD24ATU,video still,"Video frame at 5 seconds from observed media URL; original frame dimensions, no crop",downloaded,7243332191605125120.jpg,post_images/7243332191605125120.jpg,/Users/ben/Documents/UNDP/SEH/Social Media Analysis/outputs/linkedin_audit_20261002/post_images/7243332191605125120.jpg,848,480,1.7666666666666666,215cc2a9c8c85771778230e431eca06dbfdf3dd2e78024c5d2e126407033c50d,23324,2026-10-02T11:45:25.574128+00:00,51,5
7243713120668463104,https://www.linkedin.com/posts/riadmeddeb_pactforthefuture-digital-ourcommonfuture-activity-7243713120668463104-Vuvh,https://media.licdn.com/dms/image/v2/D4E22AQFtsPA1agntJg/feedshare-shrink_800/feedshare-shrink_800/0/1727035788055?e=2147483647&v=beta&t=aFrEMYfPXPnccT3DN5jg-pO06LJZ4j9Zvhs3mDMsCE4,post image or shared preview,supplied post metadata,downloaded,7243713120668463104.jpg,post_images/7243713120668463104.jpg,/Users/ben/Documents/UNDP/SEH/Social Media Analysis/outputs/linkedin_audit_20261002/post_images/7243713120668463104.jpg,800,520,1.5384615384615385,70e712bb693575aec4376958ba1a980150b0d9385d89213d6a345706b0c75584,70001,2026-10-02T11:32:47.436541+00:00,52,
7243988096961196034,https://www.linkedin.com/posts/riadmeddeb_sdg7-climateweeknyc-unga-activity-7243988096961196034-Lx_P,https://media.licdn.com/dms/image/v2/D4E22AQGXb35HP64zMA/feedshare-shrink_800/feedshare-shrink_800/0/1727101347823?e=2147483647&v=beta&t=AqrL8ffkXcpgC7wBX4xx9btZmofxsK96zXY6RCao_4s,post image or shared preview,supplied post metadata,downloaded,7243988096961196034.jpg,post_images/7243988096961196034.jpg,/Users/ben/Documents/UNDP/SEH/Social Media Analysis/outputs/linkedin_audit_20261002/post_images/7243988096961196034.jpg,800,417,1.9184652278177459,89ed242909c5266591f71d2b7f7008f5840072d9c9f6284dd78727854fc656c2,71938,2026-10-02T11:32:47.436325+00:00,53,
7245475485990666240,https://www.linkedin.com/posts/riadmeddeb_energyfordevelopment-activity-7245475485990666240-CPan,https://media.licdn.com/dms/image/v2/D4E22AQEYfUbMVuMbIQ/feedshare-shrink_800/feedshare-shrink_800/0/1727455968883?e=2147483647&v=beta&t=vCOjZVqC1itO4sQN3BTxjuyA6FiDnjmCtrTFrpbyF3M,post image or shared preview,supplied post metadata,downloaded,7245475485990666240.jpg,post_images/7245475485990666240.jpg,/Users/ben/Documents/UNDP/SEH/Social Media Analysis/outputs/linkedin_audit_20261002/post_images/7245475485990666240.jpg,800,800,1.0,5ba9c94f2cf52e88abd1fda871ce960fc72038790eaa878efa15e876f3f0dca9,119461,2026-10-02T11:32:47.438713+00:00,54,
7245551389941149697,https://www.linkedin.com/posts/riadmeddeb_sdg7-digital-activity-7245551389941149697-LAkG,https://media.licdn.com/dms/image/v2/D4E22AQE7dRGMaO9EJw/feedshare-shrink_800/feedshare-shrink_800/0/1727474066283?e=2147483647&v=beta&t=1oEZUmKYoOEEMdWNsDJ087Kvp8YK1mYJwZFZ4B8c6mA,post image or shared preview,supplied post metadata,downloaded,7245551389941149697.jpg,post_images/7245551389941149697.jpg,/Users/ben/Documents/UNDP/SEH/Social Media Analysis/outputs/linkedin_audit_20261002/post_images/7245551389941149697.jpg,800,800,1.0,621c44b607f6e706719882eec48ab76e3df312164558e332728f7dc15bf8cf77,118019,2026-10-02T11:32:47.439666+00:00,55,
7250834346641649664,https://www.linkedin.com/posts/riadmeddeb_digital-technologies-from-ai-to-3d-printed-activity-7250834346641649664-OzEK,https://media.licdn.com/dms/image/v2/D4E22AQHf26pAQn5Kow/feedshare-shrink_800/feedshare-shrink_800/0/1728733620946?e=2147483647&v=beta&t=6kiilB0DpsxL_Kfh3RDZmVnEk16ygA1nyWqoLL5Wii8,post image or shared preview,supplied post metadata,downloaded,7250834346641649664.jpg,post_images/7250834346641649664.jpg,/Users/ben/Documents/UNDP/SEH/Social Media Analysis/outputs/linkedin_audit_20261002/post_images/7250834346641649664.jpg,800,520,1.5384615384615385,76cb405a896639519e7da3068003eca9e1bbe3702edcc2c0b3b90b8453be58cd,58168,2026-10-02T11:32:47.437421+00:00,56,
7252793955115757568,https://www.linkedin.com/posts/riadmeddeb_at-the-2024-seoul-debates-on-leveraging-activity-7252793955115757568-Drra,https://media.licdn.com/dms/image/v2/D4E22AQFBcpqyh-J84g/feedshare-shrink_800/feedshare-shrink_800/0/1729200827887?e=2147483647&v=beta&t=vCKHSv-Rgzka8ry48WTPQXoDd9lcKHhiap8mCeX4BQQ,post image or shared preview,supplied post metadata,downloaded,7252793955115757568.jpg,post_images/7252793955115757568.jpg,/Users/ben/Documents/UNDP/SEH/Social Media Analysis/outputs/linkedin_audit_20261002/post_images/7252793955115757568.jpg,800,800,1.0,c4839400ebd6a7fd8d2b101775a939748a0cf67fdc75c9f7caff6e322578db50,93786,2026-10-02T11:32:47.441051+00:00,57,
7257874464170733568,https://www.linkedin.com/posts/riadmeddeb_renewables-energy-energyfordevelopment-activity-7257874464170733568-Xv6G,https://media.licdn.com/dms/image/v2/D4E22AQFBeju7wJUZ3g/feedshare-shrink_800/feedshare-shrink_800/0/1730412115796?e=2147483647&v=beta&t=ZdIbBWMUFgRGm4TsTKHk5djpB4AmSoie43-UuQ5-YPQ,post image or shared preview,supplied post metadata,downloaded,7257874464170733568.jpg,post_images/7257874464170733568.jpg,/Users/ben/Documents/UNDP/SEH/Social Media Analysis/outputs/linkedin_audit_20261002/post_images/7257874464170733568.jpg,800,830,0.963855421686747,05f776567ccd66eadbee66250175b5031651cfc0128b30d083f1f0c1b2a432fe,108791,2026-10-02T11:32:47.444973+00:00,58,
7260803575537111040,https://www.linkedin.com/posts/riadmeddeb_cop29-sustainableenergyrevolution-cop29-activity-7260803575537111040-Thp0,https://media.licdn.com/dms/image/v2/D4E22AQGrNLqb_r_kSQ/feedshare-shrink_800/feedshare-shrink_800/0/1731110469866?e=2147483647&v=beta&t=ivyG16_9X0q5RVEYCjUY5jHTRj3tEfrm_26SnY33mdE,post image or shared preview,supplied post metadata,downloaded,7260803575537111040.jpg,post_images/7260803575537111040.jpg,/Users/ben/Documents/UNDP/SEH/Social Media Analysis/outputs/linkedin_audit_20261002/post_images/7260803575537111040.jpg,800,800,1.0,28deed4dcf716b272db617d8e36e6b83402e10cf08f94bbcd0e1c2b61f999670,76127,2026-10-02T11:32:47.444550+00:00,59,
7262011700093112320,https://www.linkedin.com/posts/riadmeddeb_cop29-cop29-sustainableenergyrevolution-activity-7262011700093112320-Rd_J,https://media.licdn.com/dms/image/v2/D4E22AQEHsI0FItUbtw/feedshare-shrink_800/feedshare-shrink_800/0/1731398509044?e=2147483647&v=beta&t=irJPLkjs30MhxvLGd3pRkK_b9IX8Ak_KPzPusACM7GY,post image or shared preview,supplied post metadata,downloaded,7262011700093112320.jpg,post_images/7262011700093112320.jpg,/Users/ben/Documents/UNDP/SEH/Social Media Analysis/outputs/linkedin_audit_20261002/post_images/7262011700093112320.jpg,800,800,1.0,1157dfb656de8bf95f0b09c09fe2edb56f0dcdb8645fc1884fe1ac72be119f91,143146,2026-10-02T11:32:47.449233+00:00,60,
7263010809872543744,https://www.linkedin.com/posts/riadmeddeb_risingupforsids-sustainableenergyrevolution-activity-7263010809872543744-M0iv,https://media.licdn.com/dms/image/v2/D4E22AQFpSsREW2nj2w/feedshare-shrink_800/feedshare-shrink_800/0/1731636715470?e=2147483647&v=beta&t=QZ26w2Ex0pWT5UWmUIBB0MiUUnaevARn82vzIGIRxj4,post image or shared preview,supplied post metadata,downloaded,7263010809872543744.jpg,post_images/7263010809872543744.jpg,/Users/ben/Documents/UNDP/SEH/Social Media Analysis/outputs/linkedin_audit_20261002/post_images/7263010809872543744.jpg,800,433,1.8475750577367205,3c7b1b1956a3fb19c98d08e701c3b3c6dc052ff64a91df0929685bd91b684f63,68503,2026-10-02T11:32:47.443090+00:00,61,
7263150054394195969,https://www.linkedin.com/posts/riadmeddeb_solar-activity-7263150054394195969-9uyN,https://media.licdn.com/dms/image/v2/D4E22AQFxG04Oi_TnRA/feedshare-shrink_800/feedshare-shrink_800/0/1731669914264?e=2147483647&v=beta&t=_GuNYv9SW452gG8sXwB_Wt1xCsF0yHZoI4rpFNitIps,post image or shared preview,supplied post metadata,downloaded,7263150054394195969.jpg,post_images/7263150054394195969.jpg,/Users/ben/Documents/UNDP/SEH/Social Media Analysis/outputs/linkedin_audit_20261002/post_images/7263150054394195969.jpg,800,795,1.0062893081761006,05f202f2c47aa5c2d716c2d4ac0bbcd011293b437c7c581c48fc9c6deeec0cd1,155961,2026-10-02T11:32:47.447107+00:00,62,
7263561019799564289,https://www.linkedin.com/posts/riadmeddeb_3xrenewables-cop29-activity-7263561019799564289-GL2D,https://media.licdn.com/dms/image/v2/D4E22AQG1h1fVmEMBLw/feedshare-shrink_800/feedshare-shrink_800/0/1731767896414?e=2147483647&v=beta&t=LX5TfhOkVrJJMTWBzUj0bf3fQAdzxyNssKjGIn5LPZQ,post image or shared preview,supplied post metadata,downloaded,7263561019799564289.jpg,post_images/7263561019799564289.jpg,/Users/ben/Documents/UNDP/SEH/Social Media Analysis/outputs/linkedin_audit_20261002/post_images/7263561019799564289.jpg,800,795,1.0062893081761006,9bcffd2127668df0dcf4202a48cb10446f7a74381951a36f478ea35c2a0aa718,83705,2026-10-02T11:32:47.447489+00:00,63,
7263738975629070338,https://www.linkedin.com/posts/riadmeddeb_sids-cop29-risingupforsids-activity-7263738975629070338-t1rK,https://media.licdn.com/dms/image/v2/D4E22AQEXAK4KLlrUSQ/feedshare-shrink_800/feedshare-shrink_800/0/1731810323673?e=2147483647&v=beta&t=ROi4Ypvmgzww5k0PTTcTbFhSZJ4vsOR5gqRXN6fefVY,post image or shared preview,supplied post metadata,downloaded,7263738975629070338.jpg,post_images/7263738975629070338.jpg,/Users/ben/Documents/UNDP/SEH/Social Media Analysis/outputs/linkedin_audit_20261002/post_images/7263738975629070338.jpg,800,795,1.0062893081761006,b28e82b71cebf8f72e06d5fd22f0002f634f53b3248e04a4a15fee96512cd076,102572,2026-10-02T11:32:47.450525+00:00,64,
7263873526284140545,https://www.linkedin.com/posts/riadmeddeb_cop29-activity-7263873526284140545-OpyV,https://media.licdn.com/dms/image/v2/D4E22AQHxlfKxGMGD2g/feedshare-shrink_800/feedshare-shrink_800/0/1731842402580?e=2147483647&v=beta&t=z7X3i3MyNtOyZMjPGMKrdSu_ejGLRDybk33MpHNq9Io,post image or shared preview,supplied post metadata,downloaded,7263873526284140545.jpg,post_images/7263873526284140545.jpg,/Users/ben/Documents/UNDP/SEH/Social Media Analysis/outputs/linkedin_audit_20261002/post_images/7263873526284140545.jpg,800,489,1.6359918200408998,3a85c8d62b2a7408016e99f248cfc2c576f1910d922742a3febec4440322620a,67616,2026-10-02T11:32:47.449967+00:00,65,
7265465607171526656,https://www.linkedin.com/posts/riadmeddeb_energyfordevelopment-energytransition-activity-7265465607171526656-RaV8,https://media.licdn.com/dms/image/v2/D4D22AQHSl2zHXoDxYQ/feedshare-image-high-res/feedshare-image-high-res/0/1732221984254?e=2147483647&v=beta&t=MAp6CXJ0iRl8mffW1eWf2BSKbgdBVM24FqoI_BSWn1E,post image or shared preview,supplied post metadata,downloaded,7265465607171526656.jpg,post_images/7265465607171526656.jpg,/Users/ben/Documents/UNDP/SEH/Social Media Analysis/outputs/linkedin_audit_20261002/post_images/7265465607171526656.jpg,1183,1180,1.0025423728813558,09d0a9c611c18d68d9ad36fb41392f77d5bc3bb4ca776a076130f47f70168f6f,205399,2026-10-02T11:32:47.457039+00:00,66,
7271146532253437952,https://www.linkedin.com/posts/riadmeddeb_digital-ai-digitalinnovation-activity-7271146532253437952-lrkR,https://media.licdn.com/dms/image/v2/D4E22AQHfWLJHciAGWQ/feedshare-shrink_800/feedshare-shrink_800/0/1733576423022?e=2147483647&v=beta&t=kstPHJBNqtJsr-36QdeBbF3J5koABjMVzUs1m558VYA,post image or shared preview,supplied post metadata,downloaded,7271146532253437952.jpg,post_images/7271146532253437952.jpg,/Users/ben/Documents/UNDP/SEH/Social Media Analysis/outputs/linkedin_audit_20261002/post_images/7271146532253437952.jpg,800,795,1.0062893081761006,c36d6b09e6c5cf5c27afdb5b65eec7cf114f301818e818d53a9a39148b910a9d,101384,2026-10-02T11:32:47.454065+00:00,67,
7278075028020113408,https://www.linkedin.com/posts/riadmeddeb_energyrevolution-energyfordevelopment-activity-7278075028020113408-4Mhg,https://media.licdn.com/dms/image/v2/D4E22AQGNuiYHt2mvFg/feedshare-shrink_1280/B4EZQDqqrgHgAo-/0/1735228305407?e=2147483647&v=beta&t=E2_44JJDSfYPNi8xWjOhuNuzKlPte2xuaQVBqxss-4w,post image or shared preview,supplied post metadata,downloaded,7278075028020113408.jpg,post_images/7278075028020113408.jpg,/Users/ben/Documents/UNDP/SEH/Social Media Analysis/outputs/linkedin_audit_20261002/post_images/7278075028020113408.jpg,1200,1246,0.9630818619582665,ad646a8ba8ccf749316589ea24e99e89fc0cbdf4d1f85472c322eaadd275748f,217629,2026-10-02T11:32:47.459619+00:00,68,
7279966034223108097,https://www.linkedin.com/posts/riadmeddeb_happy-new-year-wishing-you-a-fantastic-activity-7279966034223108097-982P,https://media.licdn.com/dms/image/v2/D4E22AQFvl4CkUypcvA/feedshare-image-high-res/B4EZQeigNRHEA0-/0/1735679152681?e=2147483647&v=beta&t=C_up1qguW64XgR18fIQD2_7mox6ZLdF7Dfpat3CjJkE,post image or shared preview,supplied post metadata,downloaded,7279966034223108097.jpg,post_images/7279966034223108097.jpg,/Users/ben/Documents/UNDP/SEH/Social Media Analysis/outputs/linkedin_audit_20261002/post_images/7279966034223108097.jpg,848,480,1.7666666666666666,055efe30254328bfdbd15043ce749c2eac465e696bee5f264ea7f4bc052e2c0f,72291,2026-10-02T11:32:47.457882+00:00,69,
7284080324504899586,https://www.linkedin.com/posts/riadmeddeb_energy-finance-activity-7284080324504899586-Y6mT,https://media.licdn.com/dms/image/v2/D4E1FAQEcbrTcPZaG1g/feedshare-document-cover-images_1920/B4EZRY.0FXG0Aw-/0/1736659848443?e=1791547200&v=beta&t=45RijLW-oPXTCm8-JytXP-FBJ_sEc9PB8orQ4GcBPI0,document cover,signed-in browser DOM; shared-content visual where applicable,downloaded,7284080324504899586.jpg,post_images/7284080324504899586.jpg,/Users/ben/Documents/UNDP/SEH/Social Media Analysis/outputs/linkedin_audit_20261002/post_images/7284080324504899586.jpg,1487,1925,0.7724675324675324,92acff9fe2b8f940370caa95135c33d326f3c71447721963a6da8cfc934dbc7b,527527,2026-10-02T11:32:47.462554+00:00,70,
7284492609161424896,https://www.linkedin.com/posts/riadmeddeb_undp-activity-7284492609161424896-vXvH,https://media.licdn.com/dms/image/v2/D4E22AQEydy26dzhIzg/feedshare-shrink_800/B4EZRe3aoqGYAk-/0/1736758376100?e=2147483647&v=beta&t=YK-iSPcvWZWZpbuz4jnPq5WdNP2c0BFKRwnNwLCu78k,post image or shared preview,supplied post metadata,downloaded,7284492609161424896.jpg,post_images/7284492609161424896.jpg,/Users/ben/Documents/UNDP/SEH/Social Media Analysis/outputs/linkedin_audit_20261002/post_images/7284492609161424896.jpg,800,600,1.3333333333333333,81e6e19bc61a1681d3d1b43d2663c14ee49eda591adad06813b56422939585db,75265,2026-10-02T11:32:47.456122+00:00,71,
7284869254368133121,https://www.linkedin.com/posts/riadmeddeb_irena15a-energyfordevelopment-sustainableenergyrevolution-activity-7284869254368133121-QlMy,https://media.licdn.com/dms/image/v2/D4E22AQHZ49Vbxz7TQw/feedshare-shrink_800/B4EZRkN8VUGwAg-/0/1736848174721?e=2147483647&v=beta&t=tL55lz065ERF7qdFW4JDJWMJjH3WJl4gucPaocKWB-o,post image or shared preview,supplied post metadata,downloaded,7284869254368133121.jpg,post_images/7284869254368133121.jpg,/Users/ben/Documents/UNDP/SEH/Social Media Analysis/outputs/linkedin_audit_20261002/post_images/7284869254368133121.jpg,800,800,1.0,90524d7868be719a50ef4499cce4c1f456503efb8309f81a44f1bea6f586e6bb,92243,2026-10-02T11:32:47.460083+00:00,72,
7284873829867290626,https://www.linkedin.com/posts/riadmeddeb_irena15a-energyfordevelopment-sustainableenergyrevolution-activity-7284873829867290626-FwJi,https://media.licdn.com/dms/image/v2/D4E22AQEmK7K48WTyGg/feedshare-shrink_800/B4EZRkSIdMGwAo-/0/1736849265725?e=2147483647&v=beta&t=V7lsdqoqtUB8k6SEJrZD7qOqg_TrV5NEhT-d14kvZ_g,post image or shared preview,supplied post metadata,downloaded,7284873829867290626.jpg,post_images/7284873829867290626.jpg,/Users/ben/Documents/UNDP/SEH/Social Media Analysis/outputs/linkedin_audit_20261002/post_images/7284873829867290626.jpg,800,800,1.0,b5251f8f48d6c787441f312dc74f5d9f9af865ae952db816b11c73a6095553b9,90543,2026-10-02T11:32:47.461233+00:00,73,
7285864697852002304,https://www.linkedin.com/posts/riadmeddeb_energyfordevelopment-sustainableenergyrevolution-activity-7285864697852002304-b2Ru,https://media.licdn.com/dms/image/v2/D4E22AQEW1u4szrnwtA/feedshare-shrink_800/B4EZRyXUneHMAk-/0/1737085507273?e=2147483647&v=beta&t=wIvp1tGluh-_n_A9WiyKwjyjuABS_jGvx7tDyNHLDY0,post image or shared preview,supplied post metadata,downloaded,7285864697852002304.jpg,post_images/7285864697852002304.jpg,/Users/ben/Documents/UNDP/SEH/Social Media Analysis/outputs/linkedin_audit_20261002/post_images/7285864697852002304.jpg,800,800,1.0,24be74e346567745835a448cafa0abd9018e9aae68815ba7527bfa15b6bc7fa5,122821,2026-10-02T11:32:47.463205+00:00,74,
7285865944030040064,https://www.linkedin.com/posts/riadmeddeb_energyfordevelopment-sustainableenergyrevolution-activity-7285865944030040064-dE3e,https://media.licdn.com/dms/image/v2/D4E22AQGV8HrzHJlY0g/feedshare-shrink_800/B4EZRyYdG_GwAg-/0/1737085804299?e=2147483647&v=beta&t=YOXFnfwsRPj9TS-v7xN_LS5v980511cEYxVlasAk5C4,post image or shared preview,supplied post metadata,downloaded,7285865944030040064.jpg,post_images/7285865944030040064.jpg,/Users/ben/Documents/UNDP/SEH/Social Media Analysis/outputs/linkedin_audit_20261002/post_images/7285865944030040064.jpg,800,800,1.0,4c1a71ccf0b1424b0e58951e58c9b51f0bff2dc7537be773d54cf3f6d24005b5,114155,2026-10-02T11:32:47.463966+00:00,75,
7288220475732729856,https://www.linkedin.com/posts/riadmeddeb_cleanenergyday-energyfordevelopment-energytransition-activity-7288220475732729856-1koY,https://media.licdn.com/dms/image/v2/D4D05AQHj8HCQQe8gHA/videocover-high/B4DZST1yTFHkBs-/0/1737647148793?e=2147483647&v=beta&t=AeLgw3UNNCE0if5-cBNKJrLr1K9WOencAWjBaRF9WUU,video thumbnail,supplied post metadata,downloaded,7288220475732729856.jpg,post_images/7288220475732729856.jpg,/Users/ben/Documents/UNDP/SEH/Social Media Analysis/outputs/linkedin_audit_20261002/post_images/7288220475732729856.jpg,1280,720,1.7777777777777777,da4b2e4fa7c53ee7c7277b831e99d30d78eb185670ff8e6a61fd245796392f6c,54382,2026-10-02T11:32:47.462039+00:00,76,
7288292561117446145,https://www.linkedin.com/posts/riadmeddeb_as-we-celebrate-the-2nd-international-day-activity-7288292561117446145-ggXz,https://media.licdn.com/dms/image/v2/D4E22AQHBRxLIRDSyGw/feedshare-shrink_800/B4EZSU3dAVHACI-/0/1737664354753?e=2147483647&v=beta&t=pVedfY5pWzNOJmeGZjAYAUby4zYha0luVLTYBM9cpbc,post image or shared preview,supplied post metadata,downloaded,7288292561117446145.jpg,post_images/7288292561117446145.jpg,/Users/ben/Documents/UNDP/SEH/Social Media Analysis/outputs/linkedin_audit_20261002/post_images/7288292561117446145.jpg,800,830,0.963855421686747,ce671d41c1baaf842ff66fad78813b0f04679372031f57ec52a8f1067eaa20d0,104493,2026-10-02T11:32:47.465609+00:00,77,
7290653652841615360,https://www.linkedin.com/posts/riadmeddeb_in-recent-years-digitalization-has-shifted-activity-7290653652841615360-I4-v,https://media.licdn.com/dms/image/v2/D4E22AQFWTi6sYHIv4g/feedshare-shrink_800/B4EZS2a2zmGYAo-/0/1738227282832?e=2147483647&v=beta&t=cWhAqg8R6jVbEz-9V7eWbev_bnHnzuWp3fweNgNAqWc,post image or shared preview,supplied post metadata,downloaded,7290653652841615360.jpg,post_images/7290653652841615360.jpg,/Users/ben/Documents/UNDP/SEH/Social Media Analysis/outputs/linkedin_audit_20261002/post_images/7290653652841615360.jpg,800,1000,0.8,8552fa3d1b7be244b98fc8c520276b8b0dfc1890df7ce9f36fe5bfb6e2d35bcb,114426,2026-10-02T11:32:47.466776+00:00,78,
7293280461106106369,https://www.linkedin.com/posts/riadmeddeb_youth4climate-energyfordevelopment-youth-activity-7293280461106106369-Xhwc,https://media.licdn.com/dms/image/v2/D4E22AQETKmQvXs8smg/feedshare-image-high-res/B4EZTbv7aiHMA4-/0/1738853563280?e=2147483647&v=beta&t=nGzMDicHrx-_INv31CCRXT3EI5SClIom-LRV4E7gLCE,post image or shared preview,supplied post metadata,downloaded,7293280461106106369.jpg,post_images/7293280461106106369.jpg,/Users/ben/Documents/UNDP/SEH/Social Media Analysis/outputs/linkedin_audit_20261002/post_images/7293280461106106369.jpg,1080,1080,1.0,498757404176916e7e19f5fe2b14750646bda4f705c65eb6e499bfc6b159c322,225491,2026-10-02T11:32:47.472714+00:00,79,
7293779688223588352,https://www.linkedin.com/posts/riadmeddeb_energy4development-sustainableenergy-digitaltransformation-activity-7293779688223588352-j6_O,https://media.licdn.com/dms/image/v2/D4E22AQGlKMGcGx5jrw/feedshare-shrink_1280/B4EZTi1.IcHgAk-/0/1738972588233?e=2147483647&v=beta&t=-7z0Rtr_MovHMOyIckMyNxjcMY9OUWosN-ByMx06Di0,post image or shared preview,supplied post metadata,downloaded,7293779688223588352.jpg,post_images/7293779688223588352.jpg,/Users/ben/Documents/UNDP/SEH/Social Media Analysis/outputs/linkedin_audit_20261002/post_images/7293779688223588352.jpg,1200,1200,1.0,8b388a1687848aa04588ce8781282d2e1b620bbf905c26f61eccf668e1f2a766,108591,2026-10-02T11:32:47.469550+00:00,80,
7295263857390837761,https://www.linkedin.com/posts/riadmeddeb_energyfordevelopment-justtransition-sids-activity-7295263857390837761-T5wV,https://media.licdn.com/dms/image/v2/D4D05AQFe2pan3C6mPQ/videocover-high/B4DZT366XNHYBs-/0/1739326440052?e=2147483647&v=beta&t=F9IfL3QOycmqDK2AAmh5o9YOZnd-P_AmQcSN6CgoOWw,video thumbnail,supplied post metadata,downloaded,7295263857390837761.jpg,post_images/7295263857390837761.jpg,/Users/ben/Documents/UNDP/SEH/Social Media Analysis/outputs/linkedin_audit_20261002/post_images/7295263857390837761.jpg,1280,720,1.7777777777777777,fcb559077c8b39fc2ebecbffa4c2f1f8b3675e1d3f0ea83813abb1179be110c6,75498,2026-10-02T11:32:47.466375+00:00,81,
7296240444147916801,https://www.linkedin.com/posts/riadmeddeb_energyfordevelopment-justtransition-worldenergyday-activity-7296240444147916801-ZCXa,https://media.licdn.com/dms/image/v2/D4E05AQFYkm5JOSda3A/videocover-high/B4EZUFz8tWHgBs-/0/1739559277210?e=2147483647&v=beta&t=9WS_LIGoalmoWZkQ-gQLsSq0BMGZl1JZ8X1OHB0EwTY,video thumbnail,supplied post metadata,downloaded,7296240444147916801.jpg,post_images/7296240444147916801.jpg,/Users/ben/Documents/UNDP/SEH/Social Media Analysis/outputs/linkedin_audit_20261002/post_images/7296240444147916801.jpg,1280,720,1.7777777777777777,098ecf6209fe5f62e8d7aeefad4aafdd512997fb954a4682c521736bdc783138,48464,2026-10-02T11:32:47.467565+00:00,82,
7297966865543233537,https://www.linkedin.com/posts/riadmeddeb_advancing-a-just-energy-transition-in-sids-activity-7297966865543233537-U94X,https://media.licdn.com/dms/image/sync/v2/D5627AQGPuGMwlBXGhg/articleshare-shrink_800/articleshare-shrink_800/0/1739263060197?e=2147483647&v=beta&t=G9JtW_II8cRn3uNYErHhzur0FFzS-tS7VweubgqRtI0,post image or shared preview,supplied post metadata,downloaded,7297966865543233537.png,post_images/7297966865543233537.png,/Users/ben/Documents/UNDP/SEH/Social Media Analysis/outputs/linkedin_audit_20261002/post_images/7297966865543233537.png,800,1036,0.7722007722007722,ec821a9d642b7bda813703dd7d423474662685c283b7a458c5f5c82b19228a05,960850,2026-10-02T11:32:47.487202+00:00,83,
7298091211658088448,https://www.linkedin.com/posts/riadmeddeb_sids-activity-7298091211658088448-qSpQ,https://media.licdn.com/dms/image/v2/D4E05AQHshVHEXzB0dg/videocover-high/B4EZUgHManG0Bs-/0/1740000520978?e=2147483647&v=beta&t=HXdVOMbHYqUXzZgzsNbNx8MlFVhkccy56GvFRTKLvLU,video thumbnail,supplied post metadata,downloaded,7298091211658088448.jpg,post_images/7298091211658088448.jpg,/Users/ben/Documents/UNDP/SEH/Social Media Analysis/outputs/linkedin_audit_20261002/post_images/7298091211658088448.jpg,1280,720,1.7777777777777777,6947d5b131216cb3350c71026c10aac3deab73880299cf45059ead24631c4947,63379,2026-10-02T11:32:47.469350+00:00,84,
7303214368484175872,https://www.linkedin.com/posts/riadmeddeb_energyfordevelopment-seforallforum-sustainableenergy-activity-7303214368484175872-468T,https://media.licdn.com/dms/image/v2/D4E22AQFtDKelJqzFGQ/feedshare-shrink_800/B4EZVo6wyWHUAk-/0/1741221990737?e=2147483647&v=beta&t=dg2jtuhOaJjUphpoTJAm6Eh-tOBLU1VEJdfKsLwOLLM,post image or shared preview,supplied post metadata,downloaded,7303214368484175872.jpg,post_images/7303214368484175872.jpg,/Users/ben/Documents/UNDP/SEH/Social Media Analysis/outputs/linkedin_audit_20261002/post_images/7303214368484175872.jpg,800,800,1.0,841fa27005bf29b073e04b387707bcfdb1fb785f2442e5ae1d8698e9f7cc9125,80608,2026-10-02T11:32:47.471736+00:00,85,
7304170965096189954,https://www.linkedin.com/posts/riadmeddeb_forallwomenandgirls-sdg7-iwd-activity-7304170965096189954-xo_M,https://media.licdn.com/dms/image/v2/D4E22AQGfOJ2ggPc_Uw/feedshare-shrink_800/B4EZV2gx0UGgAk-/0/1741450060877?e=2147483647&v=beta&t=gGB9JjkwMVzjFf4OR2Ti7Wrw2ME4HiXhXMBm-fVtUT4,post image or shared preview,supplied post metadata,downloaded,7304170965096189954.jpg,post_images/7304170965096189954.jpg,/Users/ben/Documents/UNDP/SEH/Social Media Analysis/outputs/linkedin_audit_20261002/post_images/7304170965096189954.jpg,800,533,1.5009380863039399,104debffb3a191670310072514768c44782a83368ffa2d4c0383290c42a34417,63356,2026-10-02T11:32:47.470902+00:00,86,
7305598998206140417,https://www.linkedin.com/posts/riadmeddeb_how-do-we-solve-the-energy-access-paradox-activity-7305598998206140417-Sxnd,https://media.licdn.com/dms/image/v2/D4E22AQGauMYvvLZGmA/feedshare-image-high-res/B4EZWKzkjgHcAs-/0/1741790531285?e=2147483647&v=beta&t=_fB8N5k8OVSfaGMRU2lIfFsD_4O4Uu4mW2DW0IpCvz0,post image or shared preview,supplied post metadata,downloaded,7305598998206140417.jpg,post_images/7305598998206140417.jpg,/Users/ben/Documents/UNDP/SEH/Social Media Analysis/outputs/linkedin_audit_20261002/post_images/7305598998206140417.jpg,1200,1246,0.9630818619582665,a4d7ab8e9cc7ad107bd1614934f72f9f4bc0d76a7d20e34585f2816214d29b6b,222490,2026-10-02T11:32:47.481133+00:00,87,
7306099346146492417,https://www.linkedin.com/posts/riadmeddeb_seforallforum-energyfordevelopment-risingup4sids-activity-7306099346146492417-WqTU,https://media.licdn.com/dms/image/v2/D4E22AQGRy3amPqCEhg/feedshare-shrink_1280/B4EZWR6osQHcA0-/0/1741909824087?e=2147483647&v=beta&t=EcrDrFHyCQsqveixzgkzPt2jSVCfxlU0pMamxD_M8bY,post image or shared preview,supplied post metadata,downloaded,7306099346146492417.jpg,post_images/7306099346146492417.jpg,/Users/ben/Documents/UNDP/SEH/Social Media Analysis/outputs/linkedin_audit_20261002/post_images/7306099346146492417.jpg,975,975,1.0,b86c82d0286faa6cc4042a24cb62e01081a6f9b915534151b7ab9c1946ed7191,134122,2026-10-02T11:32:47.477216+00:00,88,
7306336742813454336,https://www.linkedin.com/posts/riadmeddeb_seforallforum-energyfordevelopment-seforallforum-activity-7306336742813454336-BlCk,https://media.licdn.com/dms/image/v2/D4E22AQFneAsJWMIUtw/feedshare-shrink_1280/B4EZWVSdWJG0Ak-/0/1741966421917?e=2147483647&v=beta&t=tiEgqPVJMjMli2S-vmO0YKtzEF8zKzrIovnJnzWm55k,post image or shared preview,supplied post metadata,downloaded,7306336742813454336.jpg,post_images/7306336742813454336.jpg,/Users/ben/Documents/UNDP/SEH/Social Media Analysis/outputs/linkedin_audit_20261002/post_images/7306336742813454336.jpg,975,975,1.0,0d5427c6363df4b40e2af386b912b553a8f6cbb440d8ec55d5a0dea4d4f71692,161018,2026-10-02T11:32:47.478632+00:00,89,
7310409801396568064,https://www.linkedin.com/posts/riadmeddeb_energyrevolution-risingup4sids-sids-activity-7310409801396568064-DIUD,https://media.licdn.com/dms/image/v2/D4E22AQFlOc4zXv2pHA/feedshare-shrink_800/B4EZXPK9.vGYAg-/0/1742937516109?e=2147483647&v=beta&t=_v2rPQLRtyIhXE8UfJWyHssy3T5chZZQPO8UaDAEONU,post image or shared preview,supplied post metadata,downloaded,7310409801396568064.jpg,post_images/7310409801396568064.jpg,/Users/ben/Documents/UNDP/SEH/Social Media Analysis/outputs/linkedin_audit_20261002/post_images/7310409801396568064.jpg,800,1000,0.8,43ac8b1cd437fc3c7143ca9ca3c860b9896d4833fb36394edf6f6222f42ac011,167142,2026-10-02T11:32:47.479127+00:00,90,
7313329905088249856,https://www.linkedin.com/posts/riadmeddeb_energyfordevelopment-globalsouth-emobility-activity-7313329905088249856-DjQC,https://media.licdn.com/dms/image/v2/D4D22AQE-mecy3Jm8BQ/feedshare-shrink_800/B4DZX4qyrvGwAg-/0/1743633723054?e=2147483647&v=beta&t=k2uGuVQtM3kXmKVU_Vs5RiqMrYFVU0e6mt0mjFf47Hg,post image or shared preview,supplied post metadata,downloaded,7313329905088249856.jpg,post_images/7313329905088249856.jpg,/Users/ben/Documents/UNDP/SEH/Social Media Analysis/outputs/linkedin_audit_20261002/post_images/7313329905088249856.jpg,800,800,1.0,60ab57a5cf6f9b9e336d3c854c4f35478dbbe38d3680f9f2c5be4a73c8cca13b,119917,2026-10-02T11:32:47.480877+00:00,91,
7313695526397333504,https://www.linkedin.com/posts/riadmeddeb_energyfordevelopment-youth4energy-justtransition-activity-7313695526397333504-aBib,https://media.licdn.com/dms/image/v2/D4E22AQFLXPqbaxeh9Q/feedshare-image-high-res/B4EZX93UhbHYA0-/0/1743720893656?e=2147483647&v=beta&t=jizeKVjbzOFjHIq4wtAJ0u0u-rSioqOKpCeeu4srPD4,post image or shared preview,supplied post metadata,downloaded,7313695526397333504.jpg,post_images/7313695526397333504.jpg,/Users/ben/Documents/UNDP/SEH/Social Media Analysis/outputs/linkedin_audit_20261002/post_images/7313695526397333504.jpg,1080,1080,1.0,dcf2208a81396c6218792adc6ed2917b4ae08c849170f6a8a446aa564893d79e,184658,2026-10-02T11:32:47.485320+00:00,92,
7313874773233590272,https://www.linkedin.com/posts/riadmeddeb_undpjobs-energypolicy-lacregion-activity-7313874773233590272-e_g3,https://media.licdn.com/dms/image/v2/D4E22AQFFf11EG2Z7bQ/feedshare-shrink_1280/B4EZYAaV8THUAo-/0/1743763629835?e=2147483647&v=beta&t=KiBBjseQNiee4uplOQq9enJEb5VM_1LXw5G0H1ElHVY,post image or shared preview,supplied post metadata,downloaded,7313874773233590272.jpg,post_images/7313874773233590272.jpg,/Users/ben/Documents/UNDP/SEH/Social Media Analysis/outputs/linkedin_audit_20261002/post_images/7313874773233590272.jpg,1080,1080,1.0,e1bd473940790d68b7de10d4f5df31a3082741585d3e072f78c66b29afc532af,193488,2026-10-02T11:32:47.487097+00:00,93,
7314175211745005568,https://www.linkedin.com/posts/riadmeddeb_energyfordevelopment-greenhydrogen-justtransition-activity-7314175211745005568-5pfE,https://media.licdn.com/dms/image/v2/D4E22AQEjNNMEKfv0oQ/feedshare-shrink_800/B4EZYErl75GYAg-/0/1743835259423?e=2147483647&v=beta&t=brSO_K9Epv6XCWcASuY15NyTJXgHbIpr3nx3X-o3I44,post image or shared preview,supplied post metadata,downloaded,7314175211745005568.jpg,post_images/7314175211745005568.jpg,/Users/ben/Documents/UNDP/SEH/Social Media Analysis/outputs/linkedin_audit_20261002/post_images/7314175211745005568.jpg,800,450,1.7777777777777777,d0a933af1f2839536e2b445fa8a7576488e250bf3443c7d98d85d7a932e4d44c,68927,2026-10-02T11:32:47.483608+00:00,94,
7315102276736417792,https://www.linkedin.com/posts/riadmeddeb_sustainable-energy-for-health-activity-7315102276736417792-gWto,https://media.licdn.com/dms/image/v2/D4E1FAQFyOxp9aDtx_g/feedshare-document-images_480/B4EZYR2hrnGgAk-/1/1744056233127?e=1792022400&v=beta&t=FrNtQ1OH-gMAgEUlly1mobKCzHulrTbwf4WQO_WLu9g,document cover,signed-in browser DOM; shared-content visual where applicable,downloaded,7315102276736417792.jpg,post_images/7315102276736417792.jpg,/Users/ben/Documents/UNDP/SEH/Social Media Analysis/outputs/linkedin_audit_20261002/post_images/7315102276736417792.jpg,387,484,0.7995867768595041,f92500f3818381d4944964b5dea10aad2e218d11ee8b901f5101679f7513814f,59660,2026-10-02T11:32:47.483185+00:00,95,
7315138721702371328,https://www.linkedin.com/posts/riadmeddeb_energyfordevelopment-justtransition-emobility-activity-7315138721702371328-TffJ,https://media.licdn.com/dms/image/v2/D4E22AQEs-2wXkrCEYg/feedshare-shrink_1280/B4EZYSX5ipGYAk-/0/1744064978391?e=2147483647&v=beta&t=8ziKCISW4WOKEyPZlR9Qzck_Y-x7TzMglIeP6sphX0I,post image or shared preview,supplied post metadata,downloaded,7315138721702371328.jpg,post_images/7315138721702371328.jpg,/Users/ben/Documents/UNDP/SEH/Social Media Analysis/outputs/linkedin_audit_20261002/post_images/7315138721702371328.jpg,1080,1080,1.0,b581b9cfdb3cd9c43e1d2a251b54f0b4678e6dd200f097e625c1a5a0701572b9,149612,2026-10-02T11:32:47.492273+00:00,96,
7315683705849606147,https://www.linkedin.com/posts/riadmeddeb_closing-africas-energy-access-gap-looking-activity-7315683705849606147-9RTI,https://media.licdn.com/dms/image/v2/D4E05AQE_jQ5-F-bLFQ/videocover-high/B4EZYaHiXqHMBw-/0/1744194908624?e=2147483647&v=beta&t=Rk2im8w7BqYhczemuyM7owAhejYU6gGHZomePVH148E,video thumbnail,supplied post metadata,downloaded,7315683705849606147.jpg,post_images/7315683705849606147.jpg,/Users/ben/Documents/UNDP/SEH/Social Media Analysis/outputs/linkedin_audit_20261002/post_images/7315683705849606147.jpg,720,720,1.0,cf3de15efa72d2742bb4ccff2636e3c79c838cc31b5acbf3bc299c3ed68245b6,54383,2026-10-02T11:32:47.484858+00:00,97,
7320542215313747969,https://www.linkedin.com/posts/riadmeddeb_earthday-energyfordevelopment-earthday-activity-7320542215313747969-ibTq,https://media.licdn.com/dms/image/v2/D4D22AQFspa5b0cQhVw/feedshare-image-high-res/B4DZZfKWItG4Aw-/0/1745353271284?e=2147483647&v=beta&t=QGGcd6abdcWcLBIvnrPoA0jAQv1j5_QnwZxak3ZAhhY,post image or shared preview,supplied post metadata,downloaded,7320542215313747969.jpg,post_images/7320542215313747969.jpg,/Users/ben/Documents/UNDP/SEH/Social Media Analysis/outputs/linkedin_audit_20261002/post_images/7320542215313747969.jpg,1080,1080,1.0,ddacd1854173e130a34bbbc1765d836698af23bdfb8297649e38d1e6490a96d2,186986,2026-10-02T11:32:47.491964+00:00,98,
7324483610588110848,https://www.linkedin.com/posts/riadmeddeb_energyfordevelopment-finance-energyrevolution-activity-7324483610588110848-VHqH,https://media.licdn.com/dms/image/v2/D4E05AQFEid_BB68OSA/videocover-high/B4EZaXLATXHYBc-/0/1746292972765?e=2147483647&v=beta&t=gqJX85vbVmDVICy8ImRVc-ofLVl7hDZ5PYRvSW1qW4w,video thumbnail,supplied post metadata,downloaded,7324483610588110848.jpg,post_images/7324483610588110848.jpg,/Users/ben/Documents/UNDP/SEH/Social Media Analysis/outputs/linkedin_audit_20261002/post_images/7324483610588110848.jpg,720,720,1.0,43d06943fe0c2dc568c5b2dc11779607a71f2c6cc355fa07d3116dda949c431f,41921,2026-10-02T11:32:47.486595+00:00,99,
7329091703909343232,https://www.linkedin.com/posts/riadmeddeb_energyfordevelopment-cleancooking-activity-7329091703909343232-BAdz,https://media.licdn.com/dms/image/v2/D4E22AQEMB2WVYOaKUg/feedshare-shrink_1280/B4EZbYqEI2HAAo-/0/1747391628784?e=2147483647&v=beta&t=dKFwPdFFTjH64vT0RedAPhdZWhF7ceBf-quVU3zy7qs,post image or shared preview,supplied post metadata,downloaded,7329091703909343232.jpg,post_images/7329091703909343232.jpg,/Users/ben/Documents/UNDP/SEH/Social Media Analysis/outputs/linkedin_audit_20261002/post_images/7329091703909343232.jpg,1080,1350,0.8,e624eed9404636c443af3a8678fd9c4ac15996a39f604cc4b658fd9f432134ab,196486,2026-10-02T11:32:47.496456+00:00,100,
7329162804106559488,https://www.linkedin.com/posts/riadmeddeb_in-2024925-of-all-new-power-generation-activity-7329162804106559488-Z-fM,https://media.licdn.com/dms/image/v2/D4E22AQEfRPz5APmRgg/feedshare-image-high-res/B4EZbZqunHHYAw-/0/1747408580531?e=2147483647&v=beta&t=aTW9ysypeXmpSueKo5X_MlGg_9a1x8KSPvoeIrHITFI,post image or shared preview,supplied post metadata,downloaded,7329162804106559488.jpg,post_images/7329162804106559488.jpg,/Users/ben/Documents/UNDP/SEH/Social Media Analysis/outputs/linkedin_audit_20261002/post_images/7329162804106559488.jpg,1200,1246,0.9630818619582665,afedcf21e4b1e5775ed4e5eb02a5a34d07aabb306b0401c43deb0d069c4a4fd2,261758,2026-10-02T11:32:47.499373+00:00,101,
7330553575695134720,https://www.linkedin.com/posts/riadmeddeb_energyfordevelopment-cleancooking-digitaltransformation-activity-7330553575695134720-8at6,https://media.licdn.com/dms/image/v2/D4E05AQFa_GZbeUHE9A/videocover-high/B4EZbtbchbGcBo-/0/1747740163695?e=2147483647&v=beta&t=1otNP7QA_uu39TYfaUX8ksPBbg7gmAKp3U0zjMOjbHY,video thumbnail,supplied post metadata,downloaded,7330553575695134720.jpg,post_images/7330553575695134720.jpg,/Users/ben/Documents/UNDP/SEH/Social Media Analysis/outputs/linkedin_audit_20261002/post_images/7330553575695134720.jpg,720,720,1.0,05e3633bc26c6cfc1b9906df404a14373f875213309602f13d752c453568dfe2,51288,2026-10-02T11:32:47.489491+00:00,102,
7330914365241528321,https://www.linkedin.com/posts/riadmeddeb_energyfordevelopment-energyrevolution-activity-7330914365241528321--ZBa,https://media.licdn.com/dms/image/v2/D4E22AQEMrtRONpl70Q/feedshare-shrink_1280/B4EZbyjw9SHAAk-/0/1747826184784?e=2147483647&v=beta&t=dV8AwqA5-ifmleHrKWSqYM9UwYgMYRYCK6cvSEF7KME,post image or shared preview,supplied post metadata,downloaded,7330914365241528321.jpg,post_images/7330914365241528321.jpg,/Users/ben/Documents/UNDP/SEH/Social Media Analysis/outputs/linkedin_audit_20261002/post_images/7330914365241528321.jpg,1079,1079,1.0,d12fa0ec17714bfe1927380ccc9ef48b8e2ff9d446bc20b02d816df5ef8f44a1,165872,2026-10-02T11:32:47.497350+00:00,103,
7332185937969348608,https://www.linkedin.com/posts/riadmeddeb_energyfordevelopment-digital-oxfordafrica2025-activity-7332185937969348608-QGby,https://media.licdn.com/dms/image/v2/D4E22AQH-TVhSv0VkZQ/feedshare-shrink_1280/B4EZcEoQNcGUAk-/0/1748129351725?e=2147483647&v=beta&t=omcSVNgcjIkB06bGEYEBvzIXE2_ordW1B2mu4jGhFsY,post image or shared preview,supplied post metadata,downloaded,7332185937969348608.jpg,post_images/7332185937969348608.jpg,/Users/ben/Documents/UNDP/SEH/Social Media Analysis/outputs/linkedin_audit_20261002/post_images/7332185937969348608.jpg,1080,1350,0.8,549056047b633a0fa7605d1b7cba805614826b07ad36ba72d1d425615ddd7e4e,209976,2026-10-02T11:32:47.499949+00:00,104,
7332628204488208385,https://www.linkedin.com/posts/riadmeddeb_energyfordevelopment-digitaldevelopment-activity-7332628204488208385-NLqa,https://media.licdn.com/dms/image/v2/D4E22AQFi63kZ4AVkPA/feedshare-shrink_800/B4EZcK6fobHcAg-/0/1748234796688?e=2147483647&v=beta&t=sPvL7HKItLKz2hlWVwjjVoqF4aYbq4uzr6IT2aNyHsw,post image or shared preview,supplied post metadata,downloaded,7332628204488208385.jpg,post_images/7332628204488208385.jpg,/Users/ben/Documents/UNDP/SEH/Social Media Analysis/outputs/linkedin_audit_20261002/post_images/7332628204488208385.jpg,800,800,1.0,94479b7f080d879bbdac6704c829d9e701133b62d28e50ed5bb344f7c3ff86c5,115022,2026-10-02T11:32:47.498157+00:00,105,
7334676819587047424,https://www.linkedin.com/posts/riadmeddeb_energyfordevelopment-aifordevelopment-activity-7334676819587047424-Z7i3,https://media.licdn.com/dms/image/v2/D4E22AQFD0yZFNkYH1w/feedshare-image-high-res/B4EZcoBsGqG4As-/0/1748723223130?e=2147483647&v=beta&t=Lt1pj9xr9lLhhfVZ0a9Lh9cjIWh-qIjIEmOgN1m2p3Q,post image or shared preview,supplied post metadata,downloaded,7334676819587047424.jpg,post_images/7334676819587047424.jpg,/Users/ben/Documents/UNDP/SEH/Social Media Analysis/outputs/linkedin_audit_20261002/post_images/7334676819587047424.jpg,1080,1080,1.0,b1527a64cf1ac04a387b630254226f4df29083f4794263c9bd4e5ec07868762d,189014,2026-10-02T11:32:47.502342+00:00,106,
7335483057669394433,https://www.linkedin.com/posts/riadmeddeb_energyfordevelopment-solidstatebatteries-activity-7335483057669394433-9H-U,https://media.licdn.com/dms/image/v2/D4E22AQGSNhTEFc9QIw/feedshare-image-high-res/B4EZcze9reHQA0-/0/1748915445153?e=2147483647&v=beta&t=vv7VY8rBzae5TTF_8ySeDZwHLMZZKsGvxWHwNtH_95c,post image or shared preview,supplied post metadata,downloaded,7335483057669394433.jpg,post_images/7335483057669394433.jpg,/Users/ben/Documents/UNDP/SEH/Social Media Analysis/outputs/linkedin_audit_20261002/post_images/7335483057669394433.jpg,1080,1350,0.8,30f31b66089678d9ccb8e4bc7ed791ca4172c2d75ea5b629557e505f88ee1e9e,114477,2026-10-02T11:32:47.504175+00:00,107,
7336039035271892992,https://www.linkedin.com/posts/riadmeddeb_energyfordevelopment-cooling-datacenters-activity-7336039035271892992--qxk,https://media.licdn.com/dms/image/v2/D4E05AQGn1RpCXYO-Yg/videocover-high/B4EZc7Ym7_HIBo-/0/1749048000806?e=2147483647&v=beta&t=wH0fCiWz4cOgA8FI52rMqRZC7K1PpF5DzYnS52RonGI,video thumbnail,supplied post metadata,downloaded,7336039035271892992.jpg,post_images/7336039035271892992.jpg,/Users/ben/Documents/UNDP/SEH/Social Media Analysis/outputs/linkedin_audit_20261002/post_images/7336039035271892992.jpg,404,720,0.5611111111111111,597a295fef0db3da9fe2395b7ded736e253999bcc0a06600000b30016817ab10,29120,2026-10-02T11:32:47.500550+00:00,108,
7337535457192271872,https://www.linkedin.com/posts/riadmeddeb_energyfordevelopment-decentralizedrenewableenergy-activity-7337535457192271872-_i47,https://media.licdn.com/dms/image/v2/D4E05AQFYBKkTttVDyw/videocover-high/B4EZdQpnP2G4Bk-/0/1749404776842?e=2147483647&v=beta&t=40QHqNbgs8xPiYMAmR17kSwTsU4UQj8vaEy0a3pwG14,video thumbnail,supplied post metadata,downloaded,7337535457192271872.jpg,post_images/7337535457192271872.jpg,/Users/ben/Documents/UNDP/SEH/Social Media Analysis/outputs/linkedin_audit_20261002/post_images/7337535457192271872.jpg,568,720,0.7888888888888889,3b44653b6e5e2c581ab3bfb3122025b75e158876a8791a6a768761d5d959ef5c,32642,2026-10-02T11:32:47.501338+00:00,109,
7337969383392129024,https://www.linkedin.com/posts/riadmeddeb_worldoceansday-unoc3-saveourocean-activity-7337969383392129024-rwPy,https://media.licdn.com/dms/image/v2/D4E22AQHkub3T4O7FOQ/feedshare-shrink_800/B4EZdW0RLjH0Ag-/0/1749508232509?e=2147483647&v=beta&t=BIBmUBUCbbVN1G_DHfSu1hfdXvRx5iTHDNEMUfB1xq4,post image or shared preview,supplied post metadata,downloaded,7337969383392129024.jpg,post_images/7337969383392129024.jpg,/Users/ben/Documents/UNDP/SEH/Social Media Analysis/outputs/linkedin_audit_20261002/post_images/7337969383392129024.jpg,800,800,1.0,46e83e8bfafe78dd02f32f1c71d83aa7767d54762feeaa982e64092177493039,118717,2026-10-02T11:32:47.508195+00:00,110,
7338325508323004420,https://www.linkedin.com/posts/riadmeddeb_energyfordevelopment-unoc3-saveourocean-activity-7338325508323004420-Ir9P,https://media.licdn.com/dms/image/v2/D4E22AQGtYCEQ106OYQ/feedshare-shrink_1280/B4EZdb4KN0HgAk-/0/1749593139521?e=2147483647&v=beta&t=HDaCY21QV5K6IZGQlZtmsP_f4ZbQ6l7oH91ddavmlmk,post image or shared preview,supplied post metadata,downloaded,7338325508323004420.jpg,post_images/7338325508323004420.jpg,/Users/ben/Documents/UNDP/SEH/Social Media Analysis/outputs/linkedin_audit_20261002/post_images/7338325508323004420.jpg,1080,1350,0.8,068cfa96fa15f142883478204c556a127645a76074fa74c8fa5099bd017c55f6,242565,2026-10-02T11:32:47.513958+00:00,111,
7338570844350177280,https://www.linkedin.com/posts/riadmeddeb_ocean-energyfordevelopment-unoc3-activity-7338570844350177280-5cZv,https://media.licdn.com/dms/image/v2/D4D05AQGUDcGdKm3mDg/videocover-low/B4DZdfXLdxHwB0-/0/1749651618478?e=1791547200&v=beta&t=JE-3YEzoBk-P91NjdRqdWertd2__PyPLDqv8N2txNGc,video thumbnail,signed-in browser DOM; shared-content visual where applicable,downloaded,7338570844350177280.jpg,post_images/7338570844350177280.jpg,/Users/ben/Documents/UNDP/SEH/Social Media Analysis/outputs/linkedin_audit_20261002/post_images/7338570844350177280.jpg,640,360,1.7777777777777777,2b152f13bafc8d72f79c0c2aef6f270d63f17811428726f7b172c6336860718e,22624,2026-10-02T11:45:19.053750+00:00,112,
7339018902678503425,https://www.linkedin.com/posts/riadmeddeb_energyfordevelopment-unoc3-waveenergy-activity-7339018902678503425-Wi6x,https://media.licdn.com/dms/image/v2/D4E22AQEkzs8agkv7mg/feedshare-shrink_1280/B4EZdluy7dGcAg-/0/1749758456136?e=2147483647&v=beta&t=VxDBNl4vagJEK4R2-SxU76ekP_eulcFT8BAq2aUtYPw,post image or shared preview,supplied post metadata,downloaded,7339018902678503425.jpg,post_images/7339018902678503425.jpg,/Users/ben/Documents/UNDP/SEH/Social Media Analysis/outputs/linkedin_audit_20261002/post_images/7339018902678503425.jpg,1080,1350,0.8,a720c830d80423cba2de1b392771068ec63d02d0b01e30ea201c091dcd02ae46,245625,2026-10-02T11:32:47.517210+00:00,113,
7340527137977782274,https://www.linkedin.com/posts/riadmeddeb_energyfordevelopment-justtransition-criticalminerals-activity-7340527137977782274-krBC,https://media.licdn.com/dms/image/v2/D4E22AQHC2PACke-HOw/feedshare-image-high-res/B4EZd7Kh9yH0As-/0/1750118048357?e=2147483647&v=beta&t=q4VF3mCig8Iq1aanN9Pgq-9s6Ydah6cbyIulseYwqxA,post image or shared preview,supplied post metadata,downloaded,7340527137977782274.jpg,post_images/7340527137977782274.jpg,/Users/ben/Documents/UNDP/SEH/Social Media Analysis/outputs/linkedin_audit_20261002/post_images/7340527137977782274.jpg,1080,1350,0.8,36511e79c8b6f3e09dd99dc1e8d7ed4fe9a8310ad2b56331bbb58d67af3031dc,248556,2026-10-02T11:32:47.513533+00:00,114,
7344686287796224000,https://www.linkedin.com/posts/riadmeddeb_sdg7-energyfordevelopment-sdg7-activity-7344686287796224000-WmKE,https://media.licdn.com/dms/image/v2/D4E22AQFNA-o2iYVuuw/feedshare-shrink_1280/B4EZe2RQYKHgAs-/0/1751109666906?e=2147483647&v=beta&t=PlZcTN2TvUBZwvlkajhLPXTNl7rq6A8zANXPbXgSfH0,post image or shared preview,supplied post metadata,downloaded,7344686287796224000.jpg,post_images/7344686287796224000.jpg,/Users/ben/Documents/UNDP/SEH/Social Media Analysis/outputs/linkedin_audit_20261002/post_images/7344686287796224000.jpg,1080,1350,0.8,4b1aae0093b0e6c1d509f291ec71d32c3432b2886fcf88b59636f927b955aa46,207829,2026-10-02T11:32:47.519545+00:00,115,
7345098980634050561,https://www.linkedin.com/posts/riadmeddeb_energyfordevelopment-justtransition-thailand-activity-7345098980634050561-kpxI,https://media.licdn.com/dms/image/v2/D4E05AQEOn3W2pE-q5g/videocover-high/B4EZe8IlggHgCQ-/0/1751208059669?e=2147483647&v=beta&t=36C9H1WpfcZBlbfyueX3H7lvhcQ3o_-UnNLJs2FxI2c,video thumbnail,supplied post metadata,downloaded,7345098980634050561.jpg,post_images/7345098980634050561.jpg,/Users/ben/Documents/UNDP/SEH/Social Media Analysis/outputs/linkedin_audit_20261002/post_images/7345098980634050561.jpg,576,720,0.8,79a1af9a77cfe40eb978491051ca94f673df290e553bcb3a65df4aa0407af0d5,42028,2026-10-02T11:32:47.507691+00:00,116,
7345904848258646016,https://www.linkedin.com/posts/riadmeddeb_energyfordevelopment-ffd4-financingfordevelopment-activity-7345904848258646016-Blrq,https://media.licdn.com/dms/image/v2/D4E22AQHXhygasqWQ2g/feedshare-shrink_1280/B4EZfHlh1sGcAo-/0/1751400194438?e=2147483647&v=beta&t=3jYE18ZFq8MJqRk5psILEHC07PLfKUJjkiKW_HVoPFA,post image or shared preview,supplied post metadata,downloaded,7345904848258646016.jpg,post_images/7345904848258646016.jpg,/Users/ben/Documents/UNDP/SEH/Social Media Analysis/outputs/linkedin_audit_20261002/post_images/7345904848258646016.jpg,1080,1350,0.8,3e5df75dca91640e422af931ab579130e3ca239cbdaf43ba2229a0f10f58f81a,148478,2026-10-02T11:32:47.517944+00:00,117,
7346503980228730880,https://www.linkedin.com/posts/riadmeddeb_ffd4-energyfordevelopment-southsouth-activity-7346503980228730880-FOSH,https://media.licdn.com/dms/image/v2/D4E22AQFmBC8EpK5J2w/feedshare-shrink_800/B4EZfQGb3.GcAo-/0/1751543038389?e=1792627200&v=beta&t=Tw2VUdP99SYPxuUl-tJM2HFpuJXzVxBFftsrzS30Gq0,post image,signed-in browser DOM; shared-content visual where applicable,downloaded,7346503980228730880.jpg,post_images/7346503980228730880.jpg,/Users/ben/Documents/UNDP/SEH/Social Media Analysis/outputs/linkedin_audit_20261002/post_images/7346503980228730880.jpg,800,1000,0.8,391a84a7df9e067059de54ee4f9caf8f81c12a2aca411c869d21f17295024e16,136990,2026-10-02T11:32:47.515687+00:00,118,
7347682007881068544,https://www.linkedin.com/posts/riadmeddeb_energyfordevelopment-debtanddevelopment-activity-7347682007881068544-R8JD,https://media.licdn.com/dms/image/v2/D4E05AQE6uX-BFnw35g/videocover-high/B4EZfg10eDHsCI-/0/1751823901925?e=2147483647&v=beta&t=YBPhUTSf7WGErBdZdQ3L5RasMluG81AvpsYGPAFQSdU,video thumbnail,supplied post metadata,downloaded,7347682007881068544.jpg,post_images/7347682007881068544.jpg,/Users/ben/Documents/UNDP/SEH/Social Media Analysis/outputs/linkedin_audit_20261002/post_images/7347682007881068544.jpg,568,720,0.7888888888888889,c5cbe23c5626abd7374b2f4b755512eb1995ab996ac5e08c112ae445e5c5ca33,40056,2026-10-02T11:32:47.516078+00:00,119,
7349187388276969472,https://www.linkedin.com/posts/riadmeddeb_energyfordevelopment-innovationfordevelopment-activity-7349187388276969472-rN_d,https://media.licdn.com/dms/image/v2/D4D05AQG3SGjRg5eSJw/videocover-high/B4DZf2O9wYH8CM-/0/1752182812058?e=2147483647&v=beta&t=3I6qnxKVuIl8GPrk6uLsdCEcWbdxxU6wbwGdr5OgLCQ,video thumbnail,supplied post metadata,downloaded,7349187388276969472.jpg,post_images/7349187388276969472.jpg,/Users/ben/Documents/UNDP/SEH/Social Media Analysis/outputs/linkedin_audit_20261002/post_images/7349187388276969472.jpg,576,720,0.8,6603847858a02c9ab27fcefcf49d0424fbf530ea23af101421d63d8b3a7746c6,48138,2026-10-02T11:32:47.516374+00:00,120,
7350574385558167554,https://www.linkedin.com/posts/riadmeddeb_hlpf2025-energyfordevelopment-aifordevelopment-activity-7350574385558167554-Y4vj,https://media.licdn.com/dms/image/v2/D4E22AQHWPpqKww9qcA/feedshare-image-high-res/B4EZgJ8cr1GYAs-/0/1752513498899?e=2147483647&v=beta&t=FMdT6kkW4zN6g7VPlIrDkPQ9Mav4JbRGBIOy8mUu-MU,post image or shared preview,supplied post metadata,downloaded,7350574385558167554.jpg,post_images/7350574385558167554.jpg,/Users/ben/Documents/UNDP/SEH/Social Media Analysis/outputs/linkedin_audit_20261002/post_images/7350574385558167554.jpg,1080,1350,0.8,9fbd3d4d1f9a2322e645a90b76fb178b032d706c040fdab82f72b02754f01c5a,258577,2026-10-02T11:32:47.527303+00:00,121,
7350946368644964352,https://www.linkedin.com/posts/riadmeddeb_hlpf2025-energyfordevelopment-hlpf2025-activity-7350946368644964352-yJav,https://media.licdn.com/dms/image/v2/D4E05AQFtvrxnKiOjjQ/videocover-high/B4EZgPOEPqHgCI-/0/1752602005365?e=2147483647&v=beta&t=adoTKwWGWFWMxNwb5cPzq8ruXH21Tlr498i_5gLXFLY,video thumbnail,supplied post metadata,downloaded,7350946368644964352.jpg,post_images/7350946368644964352.jpg,/Users/ben/Documents/UNDP/SEH/Social Media Analysis/outputs/linkedin_audit_20261002/post_images/7350946368644964352.jpg,576,720,0.8,6aa8bbc9b52b174ad0f2d8a3507a1cbf40030cc8525cab383370d72256dead6e,24502,2026-10-02T11:32:47.518295+00:00,122,
7353549808642531333,https://www.linkedin.com/posts/riadmeddeb_energyfordevelopment-justtransition-climateaction-activity-7353549808642531333-gHKg,https://media.licdn.com/dms/image/v2/D4E05AQFjQ4qJAPTfTg/videocover-high/B4EZg0OkguGUCI-/0/1753222894618?e=2147483647&v=beta&t=vVuujtS0R-KXVr_LHR-l3rP_2R5XXzR30CAgN2mo30o,video thumbnail,supplied post metadata,downloaded,7353549808642531333.jpg,post_images/7353549808642531333.jpg,/Users/ben/Documents/UNDP/SEH/Social Media Analysis/outputs/linkedin_audit_20261002/post_images/7353549808642531333.jpg,720,720,1.0,52956c8cd3d8f2b448b3d4c0e95fdf0ba83ee8a6d1689ff65093adf3be6e6ee8,49732,2026-10-02T11:32:47.520377+00:00,123,
7354265408733888512,https://www.linkedin.com/posts/riadmeddeb_energyfordevelopment-hlpf2025-sdg2-activity-7354265408733888512--gfM,https://media.licdn.com/dms/image/v2/D4E05AQF-NVzGlXEluA/videocover-high/B4EZg.ZZiPGUCM-/0/1753393506896?e=2147483647&v=beta&t=OLQm01GNNhq6OyLsWXHl2R-pTJcEbxSrBFsKVXOY6BQ,video thumbnail,supplied post metadata,downloaded,7354265408733888512.jpg,post_images/7354265408733888512.jpg,/Users/ben/Documents/UNDP/SEH/Social Media Analysis/outputs/linkedin_audit_20261002/post_images/7354265408733888512.jpg,720,900,0.8,2849ffe201a4d44baed1058e455ed6cacf8ed12068d8b55ce139854f930e4981,53407,2026-10-02T11:32:47.521074+00:00,124,
7356101769145241600,https://www.linkedin.com/posts/riadmeddeb_digitalization-energy-energyfordevelopment-activity-7356101769145241600-wenx,https://media.licdn.com/dms/image/v2/D4E05AQGDW9tQgtjh1Q/videocover-high/B4EZhYfepwHECM-/0/1753831329922?e=2147483647&v=beta&t=vAUuyRTB7YZL9_FGi3_QfvulbCVQ0cVuP-BipQZAMo0,video thumbnail,supplied post metadata,downloaded,7356101769145241600.jpg,post_images/7356101769145241600.jpg,/Users/ben/Documents/UNDP/SEH/Social Media Analysis/outputs/linkedin_audit_20261002/post_images/7356101769145241600.jpg,720,720,1.0,7fbee89c54feae577b11dbcbf165bb12b58acada905c7448a5279dfc8c0bd65b,41543,2026-10-02T11:32:47.521317+00:00,125,
7356307576759676929,https://www.linkedin.com/posts/riadmeddeb_energyfordevelopment-aianddevelopment-activity-7356307576759676929-hYte,https://media.licdn.com/dms/image/v2/D4E05AQEoIop7xASl9Q/videocover-high/B4EZhbagvFGwCM-/0/1753880393345?e=2147483647&v=beta&t=nPr1kTOrpmQERjIhrMIXv5MqJv6aABaT3Wj6Ah9WsbU,video thumbnail,supplied post metadata,downloaded,7356307576759676929.jpg,post_images/7356307576759676929.jpg,/Users/ben/Documents/UNDP/SEH/Social Media Analysis/outputs/linkedin_audit_20261002/post_images/7356307576759676929.jpg,720,900,0.8,2846dcfd03abc5901160a5f82a5eb2774c51e4412568eeb709fe001c5237d218,78150,2026-10-02T11:32:47.522789+00:00,126,
7358141373180440578,https://www.linkedin.com/posts/riadmeddeb_energyfordevelopment-sustainableai-datacenters-activity-7358141373180440578--Iat,https://media.licdn.com/dms/image/v2/D4E05AQHIrnluQ-kQGA/videocover-high/B4EZh1eiF8HICI-/0/1754317609308?e=2147483647&v=beta&t=ZCZbIH5HVmaaZr8GR5JweQelPd6G_2no-db3j4KSVmY,video thumbnail,supplied post metadata,downloaded,7358141373180440578.jpg,post_images/7358141373180440578.jpg,/Users/ben/Documents/UNDP/SEH/Social Media Analysis/outputs/linkedin_audit_20261002/post_images/7358141373180440578.jpg,720,720,1.0,9c632c5398d6979757d3d6ce66aa28cd7c42153cc1076f66be3e6672bc087074,39824,2026-10-02T11:32:47.522407+00:00,127,
7358973745874509824,https://www.linkedin.com/posts/riadmeddeb_energyfordevelopment-justtransition-southsouthcooperation-activity-7358973745874509824-28K1,https://media.licdn.com/dms/image/v2/D4E05AQFaUgqZ5YKOPA/videocover-high/B4EZiBTnI0HgCQ-/0/1754516062030?e=2147483647&v=beta&t=mH4-KM0wOU99_wT-qAVmObczxec9_qFgc11yki4nRhc,video thumbnail,supplied post metadata,downloaded,7358973745874509824.jpg,post_images/7358973745874509824.jpg,/Users/ben/Documents/UNDP/SEH/Social Media Analysis/outputs/linkedin_audit_20261002/post_images/7358973745874509824.jpg,720,720,1.0,2e471540db52d775ae1048c5ad50f48c3f265ca237cd435403e209ebccb7ebd9,45537,2026-10-02T11:32:47.522701+00:00,128,
7359703024853819393,https://www.linkedin.com/posts/riadmeddeb_energyfordevelopment-digitalfordevelopment-activity-7359703024853819393-a2GR,https://media.licdn.com/dms/image/v2/D4E05AQFdtY2kk-NzKg/videocover-high/B4EZiLq4ibHoCI-/0/1754689935424?e=2147483647&v=beta&t=TNPVmxkQjxudMakz1fGVi_tZ0jKzWPtghx8J5z30Ot4,video thumbnail,supplied post metadata,downloaded,7359703024853819393.jpg,post_images/7359703024853819393.jpg,/Users/ben/Documents/UNDP/SEH/Social Media Analysis/outputs/linkedin_audit_20261002/post_images/7359703024853819393.jpg,720,720,1.0,e35cdfa62c279db422b985fecd28527f0c6f9f5d082722105c50dfe5b208d8e4,47215,2026-10-02T11:32:47.523923+00:00,129,
7360040549581561857,https://www.linkedin.com/posts/riadmeddeb_energyfordevelopment-sustainableai-digitalfordevelopment-activity-7360040549581561857-6uNh,https://media.licdn.com/dms/image/v2/D4E05AQEcUk6LlQM-Tg/videocover-high/B4EZiQd295GUCI-/0/1754770405722?e=2147483647&v=beta&t=aoVVr9IGvTZHeE2XNE0HzmXKzH1FN6-nmBj9-ZWNNLQ,video thumbnail,supplied post metadata,downloaded,7360040549581561857.jpg,post_images/7360040549581561857.jpg,/Users/ben/Documents/UNDP/SEH/Social Media Analysis/outputs/linkedin_audit_20261002/post_images/7360040549581561857.jpg,720,720,1.0,1679d8406463840c5ab290ffef516b3e222470308a2fbdf7a29fab472df3fc35,45670,2026-10-02T11:32:47.524301+00:00,130,
7370955597921398784,https://www.linkedin.com/posts/riadmeddeb_energyfordevelopment-energytransition-activity-7370955597921398784-3lID,https://media.licdn.com/dms/image/v2/D4E22AQFbi2-eaEOV0g/feedshare-image-high-res/B4EZkrlCnvKYAo-/0/1757372758440?e=2147483647&v=beta&t=VQl4w6lQbG9yEV-0dSzBVCKTvMd9t14foYhsvPJxkDU,post image or shared preview,supplied post metadata,downloaded,7370955597921398784.jpg,post_images/7370955597921398784.jpg,/Users/ben/Documents/UNDP/SEH/Social Media Analysis/outputs/linkedin_audit_20261002/post_images/7370955597921398784.jpg,1080,1080,1.0,dc53a309b79e7b5755ca78f241375805bad8007c74c7ce6763e5162bd843a1ea,264640,2026-10-02T11:32:47.536435+00:00,131,
7370991570122334208,https://www.linkedin.com/posts/riadmeddeb_how-can-we-unlock-the-financing-needed-for-activity-7370991570122334208--Wqm,https://media.licdn.com/dms/image/v2/D4E22AQESMofUXpuJ5A/feedshare-image-high-res/B4EZksFw1FIUAs-/0/1757381334839?e=2147483647&v=beta&t=qpn4bgjpFZURAwP51iYac9A99SXEOg0-yp5jxeveAb8,post image or shared preview,supplied post metadata,downloaded,7370991570122334208.jpg,post_images/7370991570122334208.jpg,/Users/ben/Documents/UNDP/SEH/Social Media Analysis/outputs/linkedin_audit_20261002/post_images/7370991570122334208.jpg,1080,1350,0.8,e0de419540f939ea3f6fcf7efd20268729f75f73c071148f69756e9a30b2c150,212726,2026-10-02T11:32:47.535465+00:00,132,
7371023816606662656,https://www.linkedin.com/posts/riadmeddeb_energyfordevelopment-justtransition-sustainableenergy-activity-7371023816606662656-s7At,https://media.licdn.com/dms/image/v2/D4E22AQHcttEoA1MmAw/feedshare-image-high-res/B4EZksjFizHoAo-/0/1757389023436?e=2147483647&v=beta&t=95SWA-qseSAzyDN_HPq9WrLJsZwQwQGf-GEecYZLlQc,post image or shared preview,supplied post metadata,downloaded,7371023816606662656.jpg,post_images/7371023816606662656.jpg,/Users/ben/Documents/UNDP/SEH/Social Media Analysis/outputs/linkedin_audit_20261002/post_images/7371023816606662656.jpg,1080,1350,0.8,e1d91aee8de7e702599f850953339dbe0bf5b26a76441dc301fef5badf615fb5,293033,2026-10-02T11:32:47.536593+00:00,133,
7371342553683767296,https://www.linkedin.com/posts/riadmeddeb_the-future-of-the-energyai-nexus-how-can-activity-7371342553683767296-YQyc,https://media.licdn.com/dms/image/v2/D4E22AQGKMZ-xlT6h6A/feedshare-shrink_800/B4EZkxE.n4KYAg-/0/1757465016416?e=2147483647&v=beta&t=mVrvoJkBw8vGAXvJwSDkkVj8futyypvSamkkL1kviHs,post image or shared preview,supplied post metadata,downloaded,7371342553683767296.jpg,post_images/7371342553683767296.jpg,/Users/ben/Documents/UNDP/SEH/Social Media Analysis/outputs/linkedin_audit_20261002/post_images/7371342553683767296.jpg,800,450,1.7777777777777777,74f13d54d4e56889b690f079087a16dd0a31ab49fadf11f36a9440755b6ec165,76581,2026-10-02T11:32:47.529333+00:00,134,
7371390710249586688,https://www.linkedin.com/posts/riadmeddeb_energyfordevelopment-justtransition-sustainablefinance-activity-7371390710249586688-BYY6,https://media.licdn.com/dms/image/v2/D4E22AQHz0bUsAtrYkg/feedshare-image-high-res/B4EZkxwxyvIMAo-/0/1757476497564?e=2147483647&v=beta&t=FVoCOXhldoUZd2L_olN3BBA_TCAXegBBH3VxGbrS_QQ,post image or shared preview,supplied post metadata,downloaded,7371390710249586688.jpg,post_images/7371390710249586688.jpg,/Users/ben/Documents/UNDP/SEH/Social Media Analysis/outputs/linkedin_audit_20261002/post_images/7371390710249586688.jpg,1080,1080,1.0,c2fbb1730420e7011b1963169c67f7830261d3c99625bca0f3292edbd72346ae,223459,2026-10-02T11:32:47.537562+00:00,135,
7371406914384977920,https://www.linkedin.com/posts/riadmeddeb_how-can-we-navigate-the-green-hydrogen-pathways-activity-7371406914384977920-Tjjd,https://media.licdn.com/dms/image/v2/D4E22AQHXxQ9wruNrAg/feedshare-shrink_800/B4EZkx_g6sGYAg-/0/1757480361027?e=2147483647&v=beta&t=VDIrw3NyW2Q0wfoTxhKqelvCbnYTn3I-FBilUDAf6JE,post image or shared preview,supplied post metadata,downloaded,7371406914384977920.jpg,post_images/7371406914384977920.jpg,/Users/ben/Documents/UNDP/SEH/Social Media Analysis/outputs/linkedin_audit_20261002/post_images/7371406914384977920.jpg,800,450,1.7777777777777777,e1cf14344c14fc5374b4dc0a36a51b5f4629bc228575d8ec2a20109137596e85,71861,2026-10-02T11:32:47.531652+00:00,136,
7371459526245490688,https://www.linkedin.com/posts/riadmeddeb_energyfordevelopment-justtransition-southsouthcooperation-activity-7371459526245490688-qVmI,https://media.licdn.com/dms/image/v2/D4E22AQG26snrnguJwQ/feedshare-shrink_1280/B4EZkyvWuPHoAs-/0/1757492903901?e=2147483647&v=beta&t=0CEKrPMA5H-HNwVG7raW0KqS_c143fpSkodGwld0WpE,post image or shared preview,supplied post metadata,downloaded,7371459526245490688.jpg,post_images/7371459526245490688.jpg,/Users/ben/Documents/UNDP/SEH/Social Media Analysis/outputs/linkedin_audit_20261002/post_images/7371459526245490688.jpg,1080,1080,1.0,68a5b0adb5e42cfdac64831acd312bf0e3cddf87c97adeff494a90a5d5cbfbb7,162464,2026-10-02T11:32:47.537923+00:00,137,
7372659758480400385,https://www.linkedin.com/posts/riadmeddeb_energyfordevelopment-sustainablefinance-activity-7372659758480400385-ipHo,https://media.licdn.com/dms/image/v2/D4E05AQHTib9mbnparw/videocover-high/B4EZlDy90JHgCA-/0/1757779061342?e=2147483647&v=beta&t=XRk0rhUVC5qdF2i1szxwiJs7RxO0kgWIujxHDm5E_g4,video thumbnail,supplied post metadata,downloaded,7372659758480400385.jpg,post_images/7372659758480400385.jpg,/Users/ben/Documents/UNDP/SEH/Social Media Analysis/outputs/linkedin_audit_20261002/post_images/7372659758480400385.jpg,720,720,1.0,be138fba722968246117e58c7fbd70b9e2a79a449565c60aef915cb2cc5b3317,55805,2026-10-02T11:32:47.533438+00:00,138,
7374899011771867136,https://www.linkedin.com/posts/riadmeddeb_greenhydrogen-energytransition-justtransition-activity-7374899011771867136-eaBl,https://media.licdn.com/dms/image/v2/D4E05AQHHTeL1hFGILg/videocover-high/B4EZljnfMVGUCA-/0/1758312930322?e=2147483647&v=beta&t=ByIdOJYVJgetQ9ZjFq3bj1liOyMcQWuqkMONW1pimAw,video thumbnail,supplied post metadata,downloaded,7374899011771867136.jpg,post_images/7374899011771867136.jpg,/Users/ben/Documents/UNDP/SEH/Social Media Analysis/outputs/linkedin_audit_20261002/post_images/7374899011771867136.jpg,1280,720,1.7777777777777777,d0475d2e0d43ccf84733cdba398af5f9bb030fbcb8b743aa369f66bff71eed59,28575,2026-10-02T11:32:47.535221+00:00,139,
7375341187412545536,https://www.linkedin.com/posts/riadmeddeb_energyfordevelopment-unga80-aiforgood-activity-7375341187412545536-NUpO,https://media.licdn.com/dms/image/v2/D4E05AQE4HkojP8BLRQ/videocover-high/B4EZlp5qXKGYCA-/0/1758418352185?e=2147483647&v=beta&t=yRhCdV94WRB1J-ArK9NjXvwAhq8uUkxfao4qa1v0XQI,video thumbnail,supplied post metadata,downloaded,7375341187412545536.jpg,post_images/7375341187412545536.jpg,/Users/ben/Documents/UNDP/SEH/Social Media Analysis/outputs/linkedin_audit_20261002/post_images/7375341187412545536.jpg,1280,720,1.7777777777777777,90a236d8b1de6b2a83b0943ba279fd1ad1217a95abe48ff2d64deaa5b232ca99,56101,2026-10-02T11:32:47.538058+00:00,140,
7376355474730029056,https://www.linkedin.com/posts/riadmeddeb_energyfordevelopment-carbonfreeenergy-activity-7376355474730029056-RVpB,https://media.licdn.com/dms/image/v2/D4E22AQGPdSTpERYrQQ/feedshare-image-high-res/B4EZl4UNuXKsAo-/0/1758660190113?e=2147483647&v=beta&t=izLUZ1HgbeH_d47UHF4XzClG0AeeQGksrHeNyst5LwI,post image or shared preview,supplied post metadata,downloaded,7376355474730029056.jpg,post_images/7376355474730029056.jpg,/Users/ben/Documents/UNDP/SEH/Social Media Analysis/outputs/linkedin_audit_20261002/post_images/7376355474730029056.jpg,1080,1080,1.0,4dba76933e346bf3e8fda9b6afac225735ada42752c84462ec88a15ac495fe77,295926,2026-10-02T11:32:47.550174+00:00,141,
7376703876332425220,https://www.linkedin.com/posts/riadmeddeb_energyfordevelopment-planetaryintelligence-activity-7376703876332425220-2plJ,https://media.licdn.com/dms/image/v2/D4E22AQHffcVKPJ7tng/feedshare-shrink_1280/B4EZl9RFFMKQAs-/0/1758743254290?e=2147483647&v=beta&t=IDYH-LSoepn1XRmN8x7J4Zus_scDAdjC0nZZjfztqUM,post image or shared preview,supplied post metadata,downloaded,7376703876332425220.jpg,post_images/7376703876332425220.jpg,/Users/ben/Documents/UNDP/SEH/Social Media Analysis/outputs/linkedin_audit_20261002/post_images/7376703876332425220.jpg,1080,1080,1.0,7573acd6669205fee132118fa8e10a2c0934a8c615c23730c012c9628f1c3135,152815,2026-10-02T11:32:47.544459+00:00,142,
7376924935765659648,https://www.linkedin.com/posts/riadmeddeb_digitalization-ai-energyfordevelopment-activity-7376924935765659648-5AQi,https://media.licdn.com/dms/image/v2/D4E22AQHhXWGNXE5O9Q/feedshare-shrink_1280/B4EZmAaItXHoAs-/0/1758795959906?e=2147483647&v=beta&t=jLOfW4igrSWYBBfbsZEA7avOYGzdlbs4BvuHtidLEfo,post image or shared preview,supplied post metadata,downloaded,7376924935765659648.jpg,post_images/7376924935765659648.jpg,/Users/ben/Documents/UNDP/SEH/Social Media Analysis/outputs/linkedin_audit_20261002/post_images/7376924935765659648.jpg,1080,1080,1.0,4fa6e16c38c3f54dde1bdd3ad0aec4bc2916685c8fa775f6b5de91946a775b80,221967,2026-10-02T11:32:47.548679+00:00,143,
7377088724666380288,https://www.linkedin.com/posts/riadmeddeb_africa-digital-ai-activity-7377088724666380288-ogVp,https://media.licdn.com/dms/image/v2/D4E22AQFGzU7qdBzXQg/feedshare-shrink_1280/B4EZmCvGbfKUAs-/0/1758835010222?e=2147483647&v=beta&t=YH8X-7mmSpE7XV-BIxWsFIDW9dVOICQGVM2QBq7njdw,post image or shared preview,supplied post metadata,downloaded,7377088724666380288.jpg,post_images/7377088724666380288.jpg,/Users/ben/Documents/UNDP/SEH/Social Media Analysis/outputs/linkedin_audit_20261002/post_images/7377088724666380288.jpg,1080,1080,1.0,3fb1e0de5713188a2dd7e7865e9e5c409d4792e40d3b8fcc23e006367985f6f4,182081,2026-10-02T11:32:47.547927+00:00,144,
7377322296384069632,https://www.linkedin.com/posts/riadmeddeb_unga80-energy-ai-activity-7377322296384069632-2vZP,https://media.licdn.com/dms/image/v2/D4E22AQG7Ac5OK-s13w/feedshare-shrink_1280/B4EZmGDhoWKgAs-/0/1758890698381?e=2147483647&v=beta&t=dsy3713TqGr7u-kWkfn6GYt1zaV0FZgCluqDhYOG70g,post image or shared preview,supplied post metadata,downloaded,7377322296384069632.jpg,post_images/7377322296384069632.jpg,/Users/ben/Documents/UNDP/SEH/Social Media Analysis/outputs/linkedin_audit_20261002/post_images/7377322296384069632.jpg,1080,1080,1.0,c105dec375d43f2020c655f12255488b607d1e98016a64ba7d96547bd4479e4f,193379,2026-10-02T11:32:47.549330+00:00,145,
7379535573155500032,https://www.linkedin.com/posts/riadmeddeb_justenergytransition-ai-planetaryintelligence-activity-7379535573155500032-PhSh,https://dms.licdn.com/playlist/vid/v2/D4E05AQFpKqctGaEm4Q/mp4-720p-30fp-crf28/B4EZmlgWkgIUBo-/0/1759418376939?e=2147483647&v=beta&t=bMOqUS9ukvsbeTP-ZwkNba-u4C981kdu5uK56KVehQU,video still,"Video frame at 2 seconds from observed media URL; original frame dimensions, no crop",downloaded,7379535573155500032.jpg,post_images/7379535573155500032.jpg,/Users/ben/Documents/UNDP/SEH/Social Media Analysis/outputs/linkedin_audit_20261002/post_images/7379535573155500032.jpg,1280,720,1.7777777777777777,f8262853a9ce4be39e759602424fe1e153429337e2a691c49024fb6eede47a51,192433,2026-10-02T11:45:25.359077+00:00,146,2
7381456631823228928,https://www.linkedin.com/posts/riadmeddeb_ai-data-energy-activity-7381456631823228928-STDK,https://media.licdn.com/dms/image/v2/D4E05AQHCWKn46Pd_Dw/videocover-high/B4EZnAzpo9KgB8-/0/1759876397271?e=2147483647&v=beta&t=MMNsLL2WKK1KoGOHmXNvwq5v1x42IO9ynoaCm8PtvBs,video thumbnail,supplied post metadata,downloaded,7381456631823228928.jpg,post_images/7381456631823228928.jpg,/Users/ben/Documents/UNDP/SEH/Social Media Analysis/outputs/linkedin_audit_20261002/post_images/7381456631823228928.jpg,720,720,1.0,017587fb772e2ab7a8caf315f69693a1731feeab87e4a3663942fb5130f16065,71569,2026-10-02T11:32:47.544858+00:00,147,
7381831273255960576,https://www.linkedin.com/posts/riadmeddeb_ai-energyfordevelopment-justtransition-activity-7381831273255960576-r8ci,https://media.licdn.com/dms/image/v2/D4E05AQEvtviooC1IIQ/videocover-high/B4EZnGIZ97KYB8-/0/1759965721364?e=2147483647&v=beta&t=vxcEsabTE_wolEIe-xJQdaOLUaHqqFBFwki0USiwJ0k,video thumbnail,supplied post metadata,downloaded,7381831273255960576.jpg,post_images/7381831273255960576.jpg,/Users/ben/Documents/UNDP/SEH/Social Media Analysis/outputs/linkedin_audit_20261002/post_images/7381831273255960576.jpg,720,720,1.0,f4ba0a49586d58c2e9e6e5458e36236c9ab09be6b0d44839c4bd9d8e9bcd6394,58174,2026-10-02T11:32:47.546525+00:00,148,
7384254313222815744,https://www.linkedin.com/posts/riadmeddeb_greenhydrogen-justtransition-energyfordevelopment-activity-7384254313222815744-Uc8m,https://media.licdn.com/dms/image/v2/D4E05AQG-JwaLaLdt-A/videocover-high/B4EZnoj8c7GYB8-/0/1760543405933?e=2147483647&v=beta&t=1f5XRviK5w2BPgQQhmtyRloFdPFrWiGobCSA_yaSN3w,video thumbnail,supplied post metadata,downloaded,7384254313222815744.jpg,post_images/7384254313222815744.jpg,/Users/ben/Documents/UNDP/SEH/Social Media Analysis/outputs/linkedin_audit_20261002/post_images/7384254313222815744.jpg,1280,720,1.7777777777777777,1669d9bb06e6824bdb9e1c709ff241b90dea0014f3d36f0dbafaf4e716a6ee0f,54252,2026-10-02T11:32:47.546996+00:00,149,
7385045601278795776,https://www.linkedin.com/posts/riadmeddeb_energyfordevelopment-crisissettings-activity-7385045601278795776-qzP0,https://media.licdn.com/dms/image/v2/D4E05AQHWrwndfGTWrQ/videocover-high/B4EZnzz06CKgB8-/0/1760732076490?e=2147483647&v=beta&t=WVjNJzsOC8KCe43pFsqkk371gFv3EwUMVLhw9zlE7u0,video thumbnail,supplied post metadata,downloaded,7385045601278795776.jpg,post_images/7385045601278795776.jpg,/Users/ben/Documents/UNDP/SEH/Social Media Analysis/outputs/linkedin_audit_20261002/post_images/7385045601278795776.jpg,720,912,0.7894736842105263,67b7ce4a4bb1785c07eb581ea6bbfa3523ff870d7f9e200707e503383aa31c63,41094,2026-10-02T11:32:47.548897+00:00,150,
7385070531051687936,https://www.linkedin.com/posts/riadmeddeb_energyfordevelopment-crisissettings-activity-7385070531051687936-pVO8,https://media.licdn.com/dms/image/v2/D4E05AQEd6UkY3TshcQ/videocover-high/B4EZn0Kf_oIMCA-/0/1760738020197?e=2147483647&v=beta&t=TUFfhdtVdIrAAWgpEmI9ScpZ2uVKOVHik26aPEAxSHI,video thumbnail,supplied post metadata,downloaded,7385070531051687936.jpg,post_images/7385070531051687936.jpg,/Users/ben/Documents/UNDP/SEH/Social Media Analysis/outputs/linkedin_audit_20261002/post_images/7385070531051687936.jpg,720,912,0.7894736842105263,67b7ce4a4bb1785c07eb581ea6bbfa3523ff870d7f9e200707e503383aa31c63,41094,2026-10-02T11:32:47.550702+00:00,151,
7386603581610704896,https://www.linkedin.com/posts/riadmeddeb_energyfordevelopment-undp-justenergytransition-activity-7386603581610704896-wLz0,https://media.licdn.com/dms/image/v2/D4E22AQElrO_M0zOe3A/feedshare-shrink_1280/B4EZoJ80LfKYAs-/0/1761103529510?e=2147483647&v=beta&t=eaceO-owtLbRY-z7uE-Tuw8f26JAZcxZB9z6zzK6gb8,post image or shared preview,supplied post metadata,downloaded,7386603581610704896.jpg,post_images/7386603581610704896.jpg,/Users/ben/Documents/UNDP/SEH/Social Media Analysis/outputs/linkedin_audit_20261002/post_images/7386603581610704896.jpg,1080,1080,1.0,814fa51f7185cab06fdc2f81bc04a2d860d24f58824e92e8e2b1e1ff8c3398b8,186851,2026-10-02T11:32:47.557149+00:00,152,
7388645523756400640,https://www.linkedin.com/posts/riadmeddeb_energyrevolution-justenergytransition-activity-7388645523756400640-zuAL,https://media.licdn.com/dms/image/v2/D4D05AQEx4q6REXKkcw/videocover-high/B4DZom98X_JMBM-/0/1761590364566?e=2147483647&v=beta&t=LWZGzrw39_2sV2Tmv9FGY4xcAhbzwTCXQrLOUTsoO1w,video thumbnail,supplied post metadata,downloaded,7388645523756400640.jpg,post_images/7388645523756400640.jpg,/Users/ben/Documents/UNDP/SEH/Social Media Analysis/outputs/linkedin_audit_20261002/post_images/7388645523756400640.jpg,720,900,0.8,95dcb4fa45cc91b3d2807de9bd36948159b5005e423fbfad624ed405ff796461,29719,2026-10-02T11:32:47.553255+00:00,153,
7389343000952201217,https://www.linkedin.com/posts/riadmeddeb_energy-digital-ai-activity-7389343000952201217-u5BH,https://media.licdn.com/dms/image/v2/D4E05AQE_wkQTymKrOA/videocover-high/B4EZow4S21IQBU-/0/1761756655995?e=2147483647&v=beta&t=oHZgVlHUxIy-NSvL6BxDDLD1ivyrGiLHh2bl2Mg3_Ag,video thumbnail,supplied post metadata,downloaded,7389343000952201217.jpg,post_images/7389343000952201217.jpg,/Users/ben/Documents/UNDP/SEH/Social Media Analysis/outputs/linkedin_audit_20261002/post_images/7389343000952201217.jpg,720,720,1.0,1c1250b38a461b7a350fb08fd792d49f52b157b8b08ee597b3d624602f809942,54221,2026-10-02T11:32:47.550574+00:00,154,
7389798467922972672,https://www.linkedin.com/posts/riadmeddeb_data-ai-energy-activity-7389798467922972672-XT1t,https://media.licdn.com/dms/image/v2/D4E05AQHPepBTIQFAGA/videocover-high/B4EZo3Wif6KoBU-/0/1761865247745?e=2147483647&v=beta&t=LatxTzBYSsZMPE2fpJ01Q-8KQqkr_W5hiq9iQQXhhqg,video thumbnail,supplied post metadata,downloaded,7389798467922972672.jpg,post_images/7389798467922972672.jpg,/Users/ben/Documents/UNDP/SEH/Social Media Analysis/outputs/linkedin_audit_20261002/post_images/7389798467922972672.jpg,720,720,1.0,e87e9e6359a38e1fc9fc108d58fa43b405040b4790f5ce0ca71c2ee118a240c4,44837,2026-10-02T11:32:47.553379+00:00,155,
7390290951514214400,https://www.linkedin.com/posts/riadmeddeb_energy-energyfinance-justenergytransition-activity-7390290951514214400-cGou,https://media.licdn.com/dms/image/v2/D4E05AQGsoGPLl6NlYg/videocover-high/B4EZo.Wc1_IoBU-/0/1761982665072?e=2147483647&v=beta&t=A6BIyp9qwThOfa_GQHPgQZXGzDdLx-SqxduUKavflnI,video thumbnail,supplied post metadata,downloaded,7390290951514214400.jpg,post_images/7390290951514214400.jpg,/Users/ben/Documents/UNDP/SEH/Social Media Analysis/outputs/linkedin_audit_20261002/post_images/7390290951514214400.jpg,720,720,1.0,1650fbf7db29511e4e5f2136448cb19a4aad7158d92824f0a9cd48fb518764a0,51253,2026-10-02T11:32:47.552528+00:00,156,
7394477245479829504,https://www.linkedin.com/posts/riadmeddeb_energygovernance-aianddigitalinnovation-activity-7394477245479829504-gnHO,https://media.licdn.com/dms/image/v2/D4E22AQFoYYP0idq5hQ/feedshare-image-high-res/B4EZp513cZGYAo-/0/1762980756241?e=2147483647&v=beta&t=RAe_oiQmys3NYcbLufuH1VlUee9RTYO2BBYv5qGqVmg,post image or shared preview,supplied post metadata,downloaded,7394477245479829504.jpg,post_images/7394477245479829504.jpg,/Users/ben/Documents/UNDP/SEH/Social Media Analysis/outputs/linkedin_audit_20261002/post_images/7394477245479829504.jpg,1070,1516,0.7058047493403694,96f54615fdbbe64222a0b5e61f2a832b26991270e35745336029dc0a22bbfde8,152932,2026-10-02T11:32:47.559251+00:00,157,
7395226339001212928,https://www.linkedin.com/posts/riadmeddeb_hydrogen-cop30-greenhydrogen-activity-7395226339001212928-6Exe,https://media.licdn.com/dms/image/v2/D4E22AQF-EymQYpU4nQ/feedshare-shrink_1280/B4EZqEfKkhKcAs-/0/1763159354477?e=2147483647&v=beta&t=a_V1PF4InVasqMmIV5ZjCX5nO1hugNJDLWpTuPEA3Do,post image or shared preview,supplied post metadata,downloaded,7395226339001212928.jpg,post_images/7395226339001212928.jpg,/Users/ben/Documents/UNDP/SEH/Social Media Analysis/outputs/linkedin_audit_20261002/post_images/7395226339001212928.jpg,1080,1080,1.0,6b5af7f07f624f87585021f0eeed6e08234aa71d5295468157355d5c2ee2825e,199338,2026-10-02T11:32:47.562372+00:00,158,
7399328041354665984,https://www.linkedin.com/posts/riadmeddeb_comoros-c%C3%B4te-m300-activity-7399328041354665984-5ID-,https://media.licdn.com/dms/image/v2/D4E22AQHT38nW0b4rhA/feedshare-shrink_1280/B4EZq.xoiNGYAs-/0/1764137275692?e=2147483647&v=beta&t=pTA_d4SEv6B2BbdMB-H7C8SoDvHpBHbeIvy7pO5p8u4,post image or shared preview,supplied post metadata,downloaded,7399328041354665984.jpg,post_images/7399328041354665984.jpg,/Users/ben/Documents/UNDP/SEH/Social Media Analysis/outputs/linkedin_audit_20261002/post_images/7399328041354665984.jpg,1080,1080,1.0,fd7763284c9a4a7a7e3adb47d4aec429df4fc9d41595e746d1abec0746ad2212,199637,2026-10-02T11:32:47.562069+00:00,159,
7401784029362114560,https://www.linkedin.com/posts/riadmeddeb_sids-risingupforsids-justenergytransition-activity-7401784029362114560-r0Wa,https://dms.licdn.com/playlist/vid/v2/D4E05AQFlftw-o686gg/mp4-720p-30fp-crf28/B4EZrhrSdaKMCM-/0/1764722826351?e=2147483647&v=beta&t=vrApWkKbLSVF5IN-iw7NGdMkjpV5e41LZ5JYajL42rM,video still,"Video frame at 2 seconds from observed media URL; original frame dimensions, no crop",downloaded,7401784029362114560.jpg,post_images/7401784029362114560.jpg,/Users/ben/Documents/UNDP/SEH/Social Media Analysis/outputs/linkedin_audit_20261002/post_images/7401784029362114560.jpg,848,480,1.7666666666666666,3aac47e15a50e0ee91dc754cc31697bbbcef8040f0aa1b7d73297295f07bdc0b,56294,2026-10-02T11:45:25.298743+00:00,160,2
7401941290545889280,https://www.linkedin.com/posts/riadmeddeb_sids-energyrevolution-risingup4sids-activity-7401941290545889280-7-qE,https://dms.licdn.com/playlist/vid/v2/D4E05AQGbPGetwE5YCw/mp4-720p-30fp-crf28/B4EZrj6SZbIICI-/0/1764760312067?e=2147483647&v=beta&t=oYt3F7oAjANnKTTE1yDQcXqIGrygAWu_MDoGnOL-Xhc,video still,"Video frame at 2 seconds from observed media URL; original frame dimensions, no crop",downloaded,7401941290545889280.jpg,post_images/7401941290545889280.jpg,/Users/ben/Documents/UNDP/SEH/Social Media Analysis/outputs/linkedin_audit_20261002/post_images/7401941290545889280.jpg,848,480,1.7666666666666666,005e33584f5929b658608a8b1b0100dd2cdbc497d5de24615e4a7b6255f4ebb8,51575,2026-10-02T11:45:25.910182+00:00,161,2
7405188737619406848,https://www.linkedin.com/posts/riadmeddeb_digital-ai-energyfordevelopment-activity-7405188737619406848-eu5L,https://media.licdn.com/dms/image/v2/D4E22AQEwzI_117Kw-Q/feedshare-shrink_1280/B4EZsSD6ErKgAs-/0/1765534574771?e=2147483647&v=beta&t=OGRpwWCVfwdyw5N-crq6cYhh0MAvfhiHCZAdI_vQu3M,post image or shared preview,supplied post metadata,downloaded,7405188737619406848.jpg,post_images/7405188737619406848.jpg,/Users/ben/Documents/UNDP/SEH/Social Media Analysis/outputs/linkedin_audit_20261002/post_images/7405188737619406848.jpg,1200,1200,1.0,62fde5e36981bfc9be91e7d36c324cd55db1f2d7a197590fed6ab9a636ca06a8,244255,2026-10-02T11:32:47.566869+00:00,162,
7410834101382885376,https://www.linkedin.com/posts/riadmeddeb_yearinreview-activity-7410834101382885376-ISQS,https://media.licdn.com/dms/image/v2/D4E22AQGtssxdQxUZGw/feedshare-shrink_1280/B4EZtiSWC_JwAs-/0/1766880535277?e=2147483647&v=beta&t=bCZa4gwUtcD3IAfgL6DhtokQxNuWxd5gN38oxOGBfdE,post image or shared preview,supplied post metadata,downloaded,7410834101382885376.jpg,post_images/7410834101382885376.jpg,/Users/ben/Documents/UNDP/SEH/Social Media Analysis/outputs/linkedin_audit_20261002/post_images/7410834101382885376.jpg,1179,1474,0.7998643147896879,e1e55cc4e7dc4cc984d2144ccc256b3f7ee8816ccad0c040fdca5fb073e60820,97862,2026-10-02T11:32:47.564666+00:00,163,
7414010250464497664,https://www.linkedin.com/posts/riadmeddeb_we-need-smarter-cities-not-smart-cities-activity-7414010250464497664-QXNU,https://media.licdn.com/dms/image/sync/v2/C4D27AQEzvNn4mcN8gw/articleshare-shrink_800/articleshare-shrink_800/0/1711922529826?e=2147483647&v=beta&t=si_E7SHWVOfC-WjeL8dz0rLV64q_GlbFO1w5DMs-6MY,post image or shared preview,supplied post metadata,downloaded,7414010250464497664.jpg,post_images/7414010250464497664.jpg,/Users/ben/Documents/UNDP/SEH/Social Media Analysis/outputs/linkedin_audit_20261002/post_images/7414010250464497664.jpg,800,400,2.0,f196dc4319b3ebcb839b09f8f8bce94cb1bf967e9f3a281f968d574dd6953e4b,63226,2026-10-02T11:32:47.560019+00:00,164,
7415574622148239360,https://www.linkedin.com/posts/riadmeddeb_ai-energy-digital-activity-7415574622148239360-sVfo,https://media.licdn.com/dms/image/v2/D4E22AQHhbEe5WK0BBw/feedshare-shrink_1280/B4EZulp0atMAAc-/0/1768010762162?e=2147483647&v=beta&t=DNkPkXh5F4CQPE839pFYzcix7YfAdMfFCbGA4uRg09U,post image or shared preview,supplied post metadata,downloaded,7415574622148239360.jpg,post_images/7415574622148239360.jpg,/Users/ben/Documents/UNDP/SEH/Social Media Analysis/outputs/linkedin_audit_20261002/post_images/7415574622148239360.jpg,1080,1080,1.0,b60d73fd58b04406d0d3d75535f4129de892034ae35102af379d585bc1156da4,206572,2026-10-02T11:32:47.568204+00:00,165,
7416315859742121984,https://www.linkedin.com/posts/riadmeddeb_sdg7-digitalization-ai-activity-7416315859742121984-Xnwd,https://media.licdn.com/dms/image/v2/D4E22AQEllbOYKm9XMw/feedshare-image-high-res/B4EZuwL.P1LIAU-/0/1768187487561?e=2147483647&v=beta&t=v6dKwyHuzeCX9U1I8otb7wT97aGzpTcjrHKOOU3qKfY,post image or shared preview,supplied post metadata,downloaded,7416315859742121984.jpg,post_images/7416315859742121984.jpg,/Users/ben/Documents/UNDP/SEH/Social Media Analysis/outputs/linkedin_audit_20261002/post_images/7416315859742121984.jpg,1080,1080,1.0,154f82607ee303aeb2334f73c717e4cd0451aa2b6ef81ce180eb1048a3108138,221448,2026-10-02T11:32:47.568685+00:00,166,
7416346072878575616,https://www.linkedin.com/posts/riadmeddeb_ai-hydrogen-green-activity-7416346072878575616-ofQW,https://media.licdn.com/dms/image/v2/D4E22AQFto-egR3i-ig/feedshare-shrink_1280/B4EZuwnc7tKoAc-/0/1768194691130?e=2147483647&v=beta&t=dBXtAgW_HwVF6zfTLiApH4oYisg1XYF2-TRt5tIwZ1Y,post image or shared preview,supplied post metadata,downloaded,7416346072878575616.jpg,post_images/7416346072878575616.jpg,/Users/ben/Documents/UNDP/SEH/Social Media Analysis/outputs/linkedin_audit_20261002/post_images/7416346072878575616.jpg,1080,1350,0.8,f42866f9bce7d6fcf3774215c662db4f79132abd29e263228dd7338d10328a04,207675,2026-10-02T11:32:47.573910+00:00,167,
7416370167250661376,https://www.linkedin.com/posts/riadmeddeb_sids-ai-finance-activity-7416370167250661376-Pd_j,https://media.licdn.com/dms/image/v2/D4E22AQExbuY7gYMOTQ/feedshare-image-high-res/B4EZuw9XXfIkAU-/0/1768200435456?e=2147483647&v=beta&t=c9KQQTcyVIdoDBcLPP11Yz0Tv1fKuZduwCTc9glJIUc,post image or shared preview,supplied post metadata,downloaded,7416370167250661376.jpg,post_images/7416370167250661376.jpg,/Users/ben/Documents/UNDP/SEH/Social Media Analysis/outputs/linkedin_audit_20261002/post_images/7416370167250661376.jpg,1080,1080,1.0,d5fd49ab1ee2f20259766f917fefc9c209e39233c1a09dc62cfbea079037309e,255411,2026-10-02T11:32:47.575768+00:00,168,
7417097962675134464,https://www.linkedin.com/posts/riadmeddeb_ai-activity-7417097962675134464-t1O0,https://media.licdn.com/dms/image/v2/D4E22AQELScm6dFzukw/feedshare-image-high-res/B4EZu7TSroGYAU-/0/1768373955674?e=2147483647&v=beta&t=f_7csbzZMPkEToAZN0cHRBjkaoulQc6AgTqj69dVTr4,post image or shared preview,supplied post metadata,downloaded,7417097962675134464.jpg,post_images/7417097962675134464.jpg,/Users/ben/Documents/UNDP/SEH/Social Media Analysis/outputs/linkedin_audit_20261002/post_images/7417097962675134464.jpg,1080,1080,1.0,b1e7e59e48e1940fca80e80ec3d1879cae0c6b6b286a6c312fc8067e7c788b6e,223829,2026-10-02T11:32:47.576057+00:00,169,
7417575930191237120,https://www.linkedin.com/posts/riadmeddeb_thank-you-khaled-alazbe-i-really-enjoyed-activity-7417575930191237120-V0Ag,https://media.licdn.com/dms/image/v2/D4D22AQEGpI9E4m3ijA/feedshare-shrink_800/B4DZvCDBXTG8Ag-/0/1768487131491?e=2147483647&v=beta&t=WuoIB1MIjn6ZT5rMt9omqDVDtr23AgnXvhGl1eWBZIA,post image or shared preview,supplied post metadata,downloaded,7417575930191237120.jpg,post_images/7417575930191237120.jpg,/Users/ben/Documents/UNDP/SEH/Social Media Analysis/outputs/linkedin_audit_20261002/post_images/7417575930191237120.jpg,800,533,1.5009380863039399,32da182191acbbaa7319d50e881f68569dd639062352f1c4affe1a661c327c55,49124,2026-10-02T11:32:47.570007+00:00,170,
7417580320121720832,https://www.linkedin.com/posts/riadmeddeb_wfes2026-energyfordevelopment-wfes2026-activity-7417580320121720832-47f2,https://media.licdn.com/dms/image/v2/D4E22AQEhoLvZcQtTHw/feedshare-image-high-res/B4EZvCJ_Y6JUAU-/0/1768488957935?e=2147483647&v=beta&t=_HxbCt0GeOQx-Bi0AfsQi_H45ty83gJtaeTLoUpsl8Y,post image or shared preview,supplied post metadata,downloaded,7417580320121720832.jpg,post_images/7417580320121720832.jpg,/Users/ben/Documents/UNDP/SEH/Social Media Analysis/outputs/linkedin_audit_20261002/post_images/7417580320121720832.jpg,1080,1080,1.0,b208ef45d014bff821baf9373161f9d57db9cd913aafba7e152a737e433310ef,206467,2026-10-02T11:32:47.576403+00:00,171,
7417792156657938432,https://www.linkedin.com/posts/riadmeddeb_zettabyte-wfes2026-energyfordevelopment-activity-7417792156657938432-SZ2K,https://media.licdn.com/dms/image/v2/D4E22AQED9gLL1q3FZQ/feedshare-image-high-res/B4EZvFKqEeHoAY-/0/1768539464224?e=2147483647&v=beta&t=6pbDmH7kKB8DlK8Ojv6mcyhXEsShkQ04txV4B8m7ocY,post image or shared preview,supplied post metadata,downloaded,7417792156657938432.jpg,post_images/7417792156657938432.jpg,/Users/ben/Documents/UNDP/SEH/Social Media Analysis/outputs/linkedin_audit_20261002/post_images/7417792156657938432.jpg,1080,1080,1.0,cfe84bab5c39a9236074e51ad3c3d56941f68444e6e7022b61e17c7e5f57744c,181090,2026-10-02T11:32:47.577336+00:00,172,
7419112291692089345,https://www.linkedin.com/posts/riadmeddeb_energyfordevelopment-greenhydrogen-activity-7419112291692089345-0eod,https://media.licdn.com/dms/image/v2/D4E05AQEBqD_MZmAxmw/videocover-high/B4EZvX7QAkGsBY-/0/1768854194356?e=2147483647&v=beta&t=n96dweaYte-aHx5lxoBEvdFYhBAYUNdxn92DBXrRj_c,video thumbnail,supplied post metadata,downloaded,7419112291692089345.jpg,post_images/7419112291692089345.jpg,/Users/ben/Documents/UNDP/SEH/Social Media Analysis/outputs/linkedin_audit_20261002/post_images/7419112291692089345.jpg,1272,720,1.7666666666666666,fe7c674c26e71f8487b1388179f3b22aa4bf1ad332ee02c1882285e8d73ccab4,27351,2026-10-02T11:32:47.571627+00:00,173,
7420182122163847169,https://www.linkedin.com/posts/riadmeddeb_davos-energyfordevelopment-ai-activity-7420182122163847169--a5I,https://media.licdn.com/dms/image/v2/D4E22AQEglQcj2WSumw/feedshare-shrink_1280/B4EZvnIUcdIkAk-/0/1769109276764?e=2147483647&v=beta&t=oGw_gG-e3A6fiifqFt5DdI8oXmjCXMEsst_nc7do31o,post image or shared preview,supplied post metadata,downloaded,7420182122163847169.jpg,post_images/7420182122163847169.jpg,/Users/ben/Documents/UNDP/SEH/Social Media Analysis/outputs/linkedin_audit_20261002/post_images/7420182122163847169.jpg,1200,1246,0.9630818619582665,50749ac3c28f0ee80dae060725a003d2691f6c99fe4f573791c8427b49889b54,308123,2026-10-02T11:32:47.583522+00:00,174,
7421568122689638400,https://www.linkedin.com/posts/riadmeddeb_internationaldayofcleanenergy-cleanenergyday-activity-7421568122689638400-PlJ0,https://media.licdn.com/dms/image/v2/D4E05AQHz4oh3LtbqOQ/videocover-high/B4EZv60z7OGwBc-/0/1769439709646?e=2147483647&v=beta&t=3iK8zBCgFTIqFCtJeAE3ikyiwKpm1muQfA-S5z6klds,video thumbnail,supplied post metadata,downloaded,7421568122689638400.jpg,post_images/7421568122689638400.jpg,/Users/ben/Documents/UNDP/SEH/Social Media Analysis/outputs/linkedin_audit_20261002/post_images/7421568122689638400.jpg,1280,720,1.7777777777777777,90eb54cbc4ab250fc83728349b6447b3ff41aa8520da6e86900c243af2ab2d39,41159,2026-10-02T11:32:47.576265+00:00,175,
7421690289238675456,https://www.linkedin.com/posts/riadmeddeb_africa-africasdg7report-energyfordevelopment-activity-7421690289238675456-CJNx,https://media.licdn.com/dms/image/v2/D4E22AQEh6H6SaA_2oQ/feedshare-image-high-res/B4EZv8j_QZJQAU-/0/1769468851556?e=2147483647&v=beta&t=4AeGE6fFP0yd4rn_LbquGQMyadrXUPpwtRjnFJkBSqA,post image or shared preview,supplied post metadata,downloaded,7421690289238675456.jpg,post_images/7421690289238675456.jpg,/Users/ben/Documents/UNDP/SEH/Social Media Analysis/outputs/linkedin_audit_20261002/post_images/7421690289238675456.jpg,1080,1350,0.8,d1fb06ec3c96c573219dd2e18af5d27729d63e527e45c0666247e8d7af74c2d6,241374,2026-10-02T11:32:47.593056+00:00,176,
7424996184517345280,https://www.linkedin.com/posts/riadmeddeb_energy-digitalenergystack-energyfordevelopment-activity-7424996184517345280-B8gi,https://media.licdn.com/dms/image/v2/D4E22AQEOxDK10o3QOw/feedshare-shrink_1280/B4EZwrirowGwAc-/0/1770257038161?e=2147483647&v=beta&t=9cVFTcF-3E-Y-UdCLa2TMydiB_CSIeh3_f7pEoLPEsA,post image or shared preview,supplied post metadata,downloaded,7424996184517345280.jpg,post_images/7424996184517345280.jpg,/Users/ben/Documents/UNDP/SEH/Social Media Analysis/outputs/linkedin_audit_20261002/post_images/7424996184517345280.jpg,1080,1350,0.8,24a5079efef0bf7c955b066c856fa022fcfb8ca038de5171cee1d2a2a6d66e2e,159591,2026-10-02T11:32:47.588345+00:00,177,
7426704607940247552,https://www.linkedin.com/posts/riadmeddeb_energy-digitalenergystack-energyfordevelopment-activity-7426704607940247552-VSos,https://media.licdn.com/dms/image/v2/D4E22AQEZ9gJZ_Cq8UA/feedshare-shrink_800/B4EZxD0fKqHgAg-/0/1770664359028?e=1792627200&v=beta&t=XgUhP19Rbz5Lf0ENIB2FPkcv4V25u_aiVUDSNYSTVIw,post image or preview,signed-in browser DOM; shared-content visual where applicable,downloaded,7426704607940247552.jpg,post_images/7426704607940247552.jpg,/Users/ben/Documents/UNDP/SEH/Social Media Analysis/outputs/linkedin_audit_20261002/post_images/7426704607940247552.jpg,800,1000,0.8,02befbc662371a6f890aeb8af3495906606c8b6ccf5bf52164a140be84b19977,117613,2026-10-02T11:45:19.148139+00:00,178,
7426718808633073664,https://www.linkedin.com/posts/riadmeddeb_energy-smartcities-energyfordevelopment-activity-7426718808633073664-W4ID,https://media.licdn.com/dms/image/v2/D4E05AQG7xRzWyM-pCw/videocover-high/B4EZxEBYYvIMBk-/0/1770667739912?e=2147483647&v=beta&t=9CCD4gv0eFf0CmH_KvNEIzbZP5Wb0MT50qMn6VHxLqs,video thumbnail,supplied post metadata,downloaded,7426718808633073664.jpg,post_images/7426718808633073664.jpg,/Users/ben/Documents/UNDP/SEH/Social Media Analysis/outputs/linkedin_audit_20261002/post_images/7426718808633073664.jpg,720,720,1.0,568c92f8a2215e4b8a1ce59733b9137cfa2a1b88de2bff0ab5e43929de40cc9a,38686,2026-10-02T11:32:47.580595+00:00,179,
7427355693034434561,https://www.linkedin.com/posts/riadmeddeb_energyfordevelopment-ai-digital-activity-7427355693034434561-P6jl,https://media.licdn.com/dms/image/v2/D4E05AQG0VwGVmhVzUA/videocover-high/B4EZxNEn6jH8BY-/0/1770819585000?e=2147483647&v=beta&t=HY23h8i5UA-2ojXJ_WWq3BNPR6-pbpoTbqwE0PWq_Tw,video thumbnail,supplied post metadata,downloaded,7427355693034434561.jpg,post_images/7427355693034434561.jpg,/Users/ben/Documents/UNDP/SEH/Social Media Analysis/outputs/linkedin_audit_20261002/post_images/7427355693034434561.jpg,720,912,0.7894736842105263,f8231f197f0c6fb4e9fd773695915a321b3aa38e55ab68ee57df8b1efc1a98cc,46004,2026-10-02T11:32:47.582577+00:00,180,
7427837460044369920,https://www.linkedin.com/posts/riadmeddeb_navigating-the-currents-of-green-hydrogen-activity-7427837460044369920-Dt_T,https://media.licdn.com/dms/image/sync/v2/D4D27AQHXfHGyl2SS4g/articleshare-shrink_800/B4DZ6DZtOIJ4AQ-/0/1780321019020?e=2147483647&v=beta&t=eQIm2chMJu8dEXOBojQ9mwBOZo66sUQ8XKiEGFr8nDw,post image or shared preview,supplied post metadata,downloaded,7427837460044369920.png,post_images/7427837460044369920.png,/Users/ben/Documents/UNDP/SEH/Social Media Analysis/outputs/linkedin_audit_20261002/post_images/7427837460044369920.png,800,1130,0.7079646017699115,104c9b4239cf701e2920d365a1aea2666fade2ef27e2361f49ad7bf765f24dcc,1180025,2026-10-02T11:32:47.607653+00:00,181,
7429644431504429056,https://www.linkedin.com/posts/riadmeddeb_activity-7429644431504429056-oyQY,https://media.licdn.com/dms/image/v2/D4E22AQGf92OyqrkXXA/feedshare-shrink_800/B4EZxtmPgPHMAg-/0/1771365268000?e=2147483647&v=beta&t=gzOUaoAGPcHFzQWQ5E8M51GbB9cHsG1y7zNgYZEy4pY,post image or shared preview,supplied post metadata,downloaded,7429644431504429056.jpg,post_images/7429644431504429056.jpg,/Users/ben/Documents/UNDP/SEH/Social Media Analysis/outputs/linkedin_audit_20261002/post_images/7429644431504429056.jpg,800,1000,0.8,eb839cb1b858a16d770edf2ee008fb17862f574861a68000daa9a0938d075ab4,152927,2026-10-02T11:32:47.588816+00:00,182,
7432127951183249408,https://www.linkedin.com/posts/riadmeddeb_energyfordevelopment-sdg7-justenergytransition-activity-7432127951183249408-BAL8,https://media.licdn.com/dms/image/v2/D5622AQGtVyUaJYlIZw/feedshare-image-high-res/B56ZyQ4_MlKMAU-/0/1771957384215?e=2147483647&v=beta&t=r7qfmJ8TCMukHOe34rqeNh-F2HNOEmiKe48gyMlPH1I,post image or shared preview,supplied post metadata,downloaded,7432127951183249408.jpg,post_images/7432127951183249408.jpg,/Users/ben/Documents/UNDP/SEH/Social Media Analysis/outputs/linkedin_audit_20261002/post_images/7432127951183249408.jpg,1080,1080,1.0,ab8931ec3e761799f93ce2b83950a35303c6eec7ff610cb1f3d88f5813a69891,223239,2026-10-02T11:32:47.591765+00:00,183,
7432896351631339520,https://www.linkedin.com/posts/riadmeddeb_energyfordevelopment-justenergytransition-activity-7432896351631339520-KAPl,https://media.licdn.com/dms/image/v2/D5622AQHyi4CTKmJ21A/feedshare-shrink_1280/B56Zybz2DyI0Ac-/0/1772140585450?e=2147483647&v=beta&t=-wzdInZvCkINWx9bRh6M6g6WlpHXHgwNRyEoIrwUaqk,post image or shared preview,supplied post metadata,downloaded,7432896351631339520.jpg,post_images/7432896351631339520.jpg,/Users/ben/Documents/UNDP/SEH/Social Media Analysis/outputs/linkedin_audit_20261002/post_images/7432896351631339520.jpg,1080,1080,1.0,03e3694766474f7ed4f64ff317ea9a34278b53a5bc8d2a570601442541e8561b,187962,2026-10-02T11:32:47.591886+00:00,184,
7434608926760804352,https://www.linkedin.com/posts/riadmeddeb_energy-digitalenergystack-energyfordevelopment-activity-7434608926760804352-rdJh,https://media.licdn.com/dms/image/v2/D4E22AQGot4z1WkOfvg/feedshare-shrink_1280/B4EZy0Ja8HLAAc-/0/1772548894741?e=2147483647&v=beta&t=sdklFZknqW0B3O-TLTl2ZGpHT4wSx27WAnqWB24iEps,post image or shared preview,supplied post metadata,downloaded,7434608926760804352.jpg,post_images/7434608926760804352.jpg,/Users/ben/Documents/UNDP/SEH/Social Media Analysis/outputs/linkedin_audit_20261002/post_images/7434608926760804352.jpg,1080,1350,0.8,d04dc0fd8b14a274f45c4bd038f2eb8c51226899c4d97afbcc2656a1e477722d,252972,2026-10-02T11:32:47.598191+00:00,185,
7436926653563424768,https://www.linkedin.com/posts/riadmeddeb_ehec2026-greenhydrogen-energyfordevelopment-activity-7436926653563424768-teMI,https://media.licdn.com/dms/image/v2/D4E22AQHqs6vENMWqag/feedshare-shrink_1280/B4EZzVFYe0GUAM-/0/1773101484282?e=2147483647&v=beta&t=lFZdRqnCx0kuH-0G7qEw25rRYwFDXMPP63i8tpv68Cw,post image or shared preview,supplied post metadata,downloaded,7436926653563424768.jpg,post_images/7436926653563424768.jpg,/Users/ben/Documents/UNDP/SEH/Social Media Analysis/outputs/linkedin_audit_20261002/post_images/7436926653563424768.jpg,1080,1350,0.8,1f47262ba4109bb155d2929b27461819e78272d6efe3b7b67fa066826c77706b,180419,2026-10-02T11:32:47.597074+00:00,186,
7439769139436474368,https://www.linkedin.com/posts/riadmeddeb_energyfordevelopment-cleancooking-sdg7-activity-7439769139436474368-EOa5,https://media.licdn.com/dms/image/v2/D4E05AQEI8XMveI5SYQ/videocover-high/B4EZz9ejFbIUBY-/0/1773779172119?e=2147483647&v=beta&t=mrGOLeBBRrcQEmVk8MCrrQcpzwveP4nFhPquVqeEXfc,video thumbnail,supplied post metadata,downloaded,7439769139436474368.jpg,post_images/7439769139436474368.jpg,/Users/ben/Documents/UNDP/SEH/Social Media Analysis/outputs/linkedin_audit_20261002/post_images/7439769139436474368.jpg,1272,720,1.7666666666666666,7bc0def69ba281f1480ef148e6a7068be0f28303bd22222fe93493e119ba98fb,29232,2026-10-02T11:32:47.594259+00:00,187,
7442093454630801408,https://www.linkedin.com/posts/riadmeddeb_sdg7-sdg7-energyfordevelopment-activity-7442093454630801408-zc2K,https://media.licdn.com/dms/image/v2/D4E22AQEVyUp7MjWpOg/feedshare-image-high-res/B4EZ0egjy6KIAU-/0/1774333345212?e=2147483647&v=beta&t=aFpfXPa6akL5CRu6-OJbY7onRimm0eCVAUc5F0R1kvs,post image or shared preview,supplied post metadata,downloaded,7442093454630801408.jpg,post_images/7442093454630801408.jpg,/Users/ben/Documents/UNDP/SEH/Social Media Analysis/outputs/linkedin_audit_20261002/post_images/7442093454630801408.jpg,1080,1350,0.8,f12f17735c1f6dda9c5e5ff9d2e720b3f62108c58e3fa6df09a72a92c25964d0,207002,2026-10-02T11:32:47.603792+00:00,188,
7442853666119811073,https://www.linkedin.com/posts/riadmeddeb_sdg7-sdg7-energyfordevelopment-activity-7442853666119811073-x-9I,https://media.licdn.com/dms/image/v2/D4E22AQEvWgsab-GBFA/feedshare-image-high-res/B4EZ0pT9_LHAAU-/0/1774514593993?e=2147483647&v=beta&t=I9VoJ1gx5NnxSCxIYynxM02v7awWHmbVLzy5EEQxOVc,post image or shared preview,supplied post metadata,downloaded,7442853666119811073.jpg,post_images/7442853666119811073.jpg,/Users/ben/Documents/UNDP/SEH/Social Media Analysis/outputs/linkedin_audit_20261002/post_images/7442853666119811073.jpg,1080,1350,0.8,72b7f3b9bd67c0dd2f658d1af3126f6445918646e373b60540b922be0db7b93e,231538,2026-10-02T11:32:47.603490+00:00,189,
7443211217650864128,https://www.linkedin.com/posts/riadmeddeb_sdg7-hlpf-sdg7-activity-7443211217650864128-nWyT,https://media.licdn.com/dms/image/v2/D4E22AQFgv-hylQGVig/feedshare-shrink_1280/B4EZ0uZKNzJ0AM-/0/1774599840923?e=2147483647&v=beta&t=FXizdbmMXZ94BRE6HHlmMa9DL3q46M31AAzPoFLEnio,post image or shared preview,supplied post metadata,downloaded,7443211217650864128.jpg,post_images/7443211217650864128.jpg,/Users/ben/Documents/UNDP/SEH/Social Media Analysis/outputs/linkedin_audit_20261002/post_images/7443211217650864128.jpg,1080,1080,1.0,acc4db6946366c0c84f0a36291a1c0a9053273fb21a02fa9bd1ec9dc68b741ad,205115,2026-10-02T11:32:47.602998+00:00,190,
7443394430952235008,https://www.linkedin.com/posts/riadmeddeb_what-is-shaping-todays-global-energy-landscape-activity-7443394430952235008-Udwa,https://media.licdn.com/dms/image/v2/D4E05AQG-wDkkd9UVtA/videocover-high/B4EZ0w_vR1G4BY-/0/1774643510250?e=2147483647&v=beta&t=sNx1KwOJLY1TznB9_8abrOryT7iFh8KlGHJNLpVDl4o,video thumbnail,supplied post metadata,downloaded,7443394430952235008.jpg,post_images/7443394430952235008.jpg,/Users/ben/Documents/UNDP/SEH/Social Media Analysis/outputs/linkedin_audit_20261002/post_images/7443394430952235008.jpg,720,1272,0.5660377358490566,69060de4826b707d56443be06c0eafd117a5c06038b9831c9b954c0404ccf07a,47271,2026-10-02T11:32:47.599208+00:00,191,
7448138663525392384,https://www.linkedin.com/posts/riadmeddeb_greenindustrialization-ivecf2026-energyfordevelopment-activity-7448138663525392384-zX4K,https://media.licdn.com/dms/image/v2/D5622AQElQkQwsNzIRg/feedshare-image-high-res/B56Z10apd.I8AU-/0/1775774636142?e=2147483647&v=beta&t=TQkhgh-XdAyziXzrgD9gk57d6rabipJu01s7v0fzk_Y,post image or shared preview,supplied post metadata,downloaded,7448138663525392384.jpg,post_images/7448138663525392384.jpg,/Users/ben/Documents/UNDP/SEH/Social Media Analysis/outputs/linkedin_audit_20261002/post_images/7448138663525392384.jpg,1080,1080,1.0,6562ade4514f700d2567bec52b51599ef1543ae644b4100018e2d24e35bbc785,170968,2026-10-02T11:32:47.606360+00:00,192,
7449852082863620098,https://www.linkedin.com/posts/riadmeddeb_energy-efficiency-investments-transform-lives-activity-7449852082863620098-0M_A,https://media.licdn.com/dms/image/sync/v2/D5627AQFw3josSdlhdg/articleshare-shrink_1280_800/B56Z2Mw8o.IQAU-/0/1776183135086?e=2147483647&v=beta&t=x_aMVFsOX4XKye2ShU-Fqvkr8E-A42XSuzGZAZPsn70,post image or shared preview,supplied post metadata,downloaded,7449852082863620098.jpg,post_images/7449852082863620098.jpg,/Users/ben/Documents/UNDP/SEH/Social Media Analysis/outputs/linkedin_audit_20261002/post_images/7449852082863620098.jpg,862,483,1.784679089026915,2c8f3d9990bbc79624127598aa6011e3b4dbb96b50babbebd123e2ecffe9252e,15788,2026-10-02T11:32:47.601024+00:00,193,
7449951925220958208,https://www.linkedin.com/posts/riadmeddeb_ecosocyouthforum-sdg7-energyaccess-activity-7449951925220958208-5b1R,https://media.licdn.com/dms/image/v2/D5622AQFK8qTkVyUXzg/feedshare-image-high-res/B56Z2OLzAtHgAU-/0/1776206950688?e=2147483647&v=beta&t=9PJL3TQgUYQDwcrE7hH3j9FYg0TOJIIE1pR9WZ53OxU,post image or shared preview,supplied post metadata,downloaded,7449951925220958208.jpg,post_images/7449951925220958208.jpg,/Users/ben/Documents/UNDP/SEH/Social Media Analysis/outputs/linkedin_audit_20261002/post_images/7449951925220958208.jpg,1080,1350,0.8,799574821cdb178f6acc291f767dc8b9052f5d645206016b3921a54285a7a150,215216,2026-10-02T11:32:47.611960+00:00,194,
7452095137007972352,https://www.linkedin.com/posts/riadmeddeb_with-over-50-of-electricity-already-generated-activity-7452095137007972352-tqV_,https://media.licdn.com/dms/image/v2/D5622AQFNB4dFDRFWKg/feedshare-image-high-res/B56Z2spCOOGwAU-/0/1776717931706?e=2147483647&v=beta&t=CvYFHGalXFtmrb59kjtQWdnUDhaXpj94ALXWLkHlqjQ,post image or shared preview,supplied post metadata,downloaded,7452095137007972352.jpg,post_images/7452095137007972352.jpg,/Users/ben/Documents/UNDP/SEH/Social Media Analysis/outputs/linkedin_audit_20261002/post_images/7452095137007972352.jpg,1080,1080,1.0,50877e05c00d672cf3c49714f36f6712a34239c81cb541300a58fec9ad1eb578,193836,2026-10-02T11:32:47.614145+00:00,195,
7452096406481289216,https://www.linkedin.com/posts/riadmeddeb_justenergytransition-sdg7-energyfordevelopment-activity-7452096406481289216-SU4-,https://media.licdn.com/dms/image/v2/D5622AQFEZHdBSP8RMw/feedshare-image-high-res/B56Z2sqMZ8H4AU-/0/1776718235554?e=2147483647&v=beta&t=8R7c74giM-pU0lPy1nXIN_beA1reA0YNSDbW7g_RmDQ,post image or shared preview,supplied post metadata,downloaded,7452096406481289216.jpg,post_images/7452096406481289216.jpg,/Users/ben/Documents/UNDP/SEH/Social Media Analysis/outputs/linkedin_audit_20261002/post_images/7452096406481289216.jpg,1080,1350,0.8,c3254198b074287987976b7309d225b6761bacf40efe2e86bef3bfe9862d9b67,258561,2026-10-02T11:32:47.615480+00:00,196,
7452451017750839297,https://www.linkedin.com/posts/riadmeddeb_justenergytransition-greenjobs-energyfordevelopment-activity-7452451017750839297-DY7Z,https://media.licdn.com/dms/image/v2/D5605AQE-Aeo0aMQ0cQ/videocover-high/B56Z2xsp8wJwBY-/0/1776802768808?e=2147483647&v=beta&t=y8ioFBI-G_KKHpHZ2gnTUrnQLSf-0EB6Ur3wEV7R8bQ,video thumbnail,supplied post metadata,downloaded,7452451017750839297.jpg,post_images/7452451017750839297.jpg,/Users/ben/Documents/UNDP/SEH/Social Media Analysis/outputs/linkedin_audit_20261002/post_images/7452451017750839297.jpg,1272,720,1.7666666666666666,1b751cb4845c25dacc8f5bd4ddaa1590aa46417363785887e633d7b7a2230ec0,18029,2026-10-02T11:32:47.605849+00:00,197,
7453026802958237697,https://www.linkedin.com/posts/riadmeddeb_energyfordevelopment-activity-7453026802958237697-nDyp,https://media.licdn.com/dms/image/v2/D5622AQHhwaTxbmDoBA/feedshare-image-high-res/B56Z254YpgIIAU-/0/1776940059468?e=2147483647&v=beta&t=6hLe5zmueR-114C0tbW97eTaj22lgRKrPUD1ARUDes8,post image or shared preview,supplied post metadata,downloaded,7453026802958237697.jpg,post_images/7453026802958237697.jpg,/Users/ben/Documents/UNDP/SEH/Social Media Analysis/outputs/linkedin_audit_20261002/post_images/7453026802958237697.jpg,1080,1350,0.8,2810e2af33313173ec696751e0a1b15801512bff19883f3bfdb0036e053b5538,260872,2026-10-02T11:32:47.616156+00:00,198,
7453409513925185536,https://www.linkedin.com/posts/riadmeddeb_join-us-for-a-just-energy-transiton-activity-7453409513925185536-jkmx,https://dms.licdn.com/playlist/vid/v2/D5605AQGqbL26NaMR7Q/mp4-640p-30fp-crf28/B56Z2_UaB8H4Bo-/0/1777031298595?e=2147483647&v=beta&t=3IKqyp1riCsiqDNE1D_xQXp2x0d70hodY9KXd3fgyMs,video still,"Video frame at 2 seconds from observed media URL; original frame dimensions, no crop",downloaded,7453409513925185536.jpg,post_images/7453409513925185536.jpg,/Users/ben/Documents/UNDP/SEH/Social Media Analysis/outputs/linkedin_audit_20261002/post_images/7453409513925185536.jpg,848,480,1.7666666666666666,6b31f7aa57a81ac329ceae1beae8cc0ad0b6a924b76509411f1316ec826034de,39051,2026-10-02T11:45:25.860263+00:00,199,2
7453638632772440064,https://www.linkedin.com/posts/riadmeddeb_a-little-reflection-i-have-spent-over-25-activity-7453638632772440064-NCFV,https://media.licdn.com/dms/image/v2/D5622AQFsnl4ZBl8BUQ/feedshare-shrink_1280/B56Z3CkwNtHkAM-/0/1777085908047?e=2147483647&v=beta&t=zOYJRiQeODgMaojjlRYifHmzTLiKfh4WAKwerco4RRE,post image or shared preview,supplied post metadata,downloaded,7453638632772440064.jpg,post_images/7453638632772440064.jpg,/Users/ben/Documents/UNDP/SEH/Social Media Analysis/outputs/linkedin_audit_20261002/post_images/7453638632772440064.jpg,1080,1350,0.8,811a68edf360bc29efa9327a732a4358bf75a47da7656552014fc03a7c2854eb,260275,2026-10-02T11:32:47.618538+00:00,200,
7454873034588573696,https://www.linkedin.com/posts/riadmeddeb_sids-risingupforsids-energyfordevelopment-activity-7454873034588573696-H9r9,https://media.licdn.com/dms/image/v2/D5605AQFCfejEg_lxtA/videocover-high/B56Z3UHduBIIBM-/0/1777380221998?e=2147483647&v=beta&t=uX-JhnEDZdM6YTieNQ8Poj2m4fxOlzi33kYDlc7z7e0,video thumbnail,supplied post metadata,downloaded,7454873034588573696.jpg,post_images/7454873034588573696.jpg,/Users/ben/Documents/UNDP/SEH/Social Media Analysis/outputs/linkedin_audit_20261002/post_images/7454873034588573696.jpg,1272,720,1.7666666666666666,10020ed0c3faeaed514e96df757cf4bc9e0f44994a88caffb8149866d097204f,48137,2026-10-02T11:32:47.610916+00:00,201,
7455222055832162304,https://www.linkedin.com/posts/riadmeddeb_un-arfsd2026-cleancooking-activity-7455222055832162304-hcD2,https://media.licdn.com/dms/image/v2/D5622AQHIq9INho_Y7w/feedshare-image-high-res/B56Z3ZE9BXG0AU-/0/1777463447884?e=2147483647&v=beta&t=jFGADnzkJcqXeLTtHj_70MjnZWId3DKc38aeb4GsLPM,post image or shared preview,supplied post metadata,downloaded,7455222055832162304.jpg,post_images/7455222055832162304.jpg,/Users/ben/Documents/UNDP/SEH/Social Media Analysis/outputs/linkedin_audit_20261002/post_images/7455222055832162304.jpg,1080,1350,0.8,9f77cdbd7d08edcfe887dab085b7ca55417c3dc91ad50532820cb00779a194e5,278240,2026-10-02T11:32:47.623720+00:00,202,
7455554012621246465,https://www.linkedin.com/posts/riadmeddeb_sids-cop31-energyfordevelopment-activity-7455554012621246465-GmJh,https://media.licdn.com/dms/image/v2/D5622AQGG6b4bVATG8Q/feedshare-shrink_1280/B56Z3dy3dJKgAM-/0/1777542592559?e=2147483647&v=beta&t=QXUfyX6hM6d0gY6SCspyURuDr66MWq0QvqJsbDO8STA,post image or shared preview,supplied post metadata,downloaded,7455554012621246465.jpg,post_images/7455554012621246465.jpg,/Users/ben/Documents/UNDP/SEH/Social Media Analysis/outputs/linkedin_audit_20261002/post_images/7455554012621246465.jpg,1080,1080,1.0,c2fbdb7b2f2d7e47101273df1bf3924a537aeb39517aebef4887e00f4f5579cf,261015,2026-10-02T11:32:47.621806+00:00,203,
7455675250807205888,https://www.linkedin.com/posts/riadmeddeb_arfsd2026-sdg7-agenda2063-activity-7455675250807205888-PV4n,https://media.licdn.com/dms/image/v2/D5622AQEcwSiz8hlr9w/feedshare-image-high-res/B56Z3fhIUaIkAU-/0/1777571497554?e=2147483647&v=beta&t=oR5Sa3Pj1M7QtVSpiN0Q4fbhDEJHTzLyfTBqt-aQihg,post image or shared preview,supplied post metadata,downloaded,7455675250807205888.jpg,post_images/7455675250807205888.jpg,/Users/ben/Documents/UNDP/SEH/Social Media Analysis/outputs/linkedin_audit_20261002/post_images/7455675250807205888.jpg,1080,1350,0.8,634cb786138ed935fa95b249f041ff8f0adbc82d62751c53f95b96f2afa7b2c1,223036,2026-10-02T11:32:47.626928+00:00,204,
7456421425273561088,https://www.linkedin.com/posts/riadmeddeb_risingupforsids-energyfordevelopment-pretmm2026-activity-7456421425273561088-zrI_,https://media.licdn.com/dms/image/v2/D5622AQHZ3pybd5iIsw/feedshare-image-high-res/B56Z3qHxlCKIAU-/0/1777749400142?e=2147483647&v=beta&t=qNFRwsLmI9aGIUtDhkuwHAjq8oyMvVP3SYlKkjOOPgw,post image or shared preview,supplied post metadata,downloaded,7456421425273561088.jpg,post_images/7456421425273561088.jpg,/Users/ben/Documents/UNDP/SEH/Social Media Analysis/outputs/linkedin_audit_20261002/post_images/7456421425273561088.jpg,1080,1080,1.0,099209066a62344f61a8cc490b56e1ac494e3596dc5c302fc5faeb240f47e5e7,250207,2026-10-02T11:32:47.630179+00:00,205,
7457529526202347520,https://www.linkedin.com/posts/riadmeddeb_behind-every-ai-breakthrough-sits-something-activity-7457529526202347520-8LKx,https://media.licdn.com/dms/image/v2/D4E22AQH44n6ZK4GK6g/feedshare-image-high-res/B4EZ353lVCIwAU-/0/1778013591166?e=2147483647&v=beta&t=0G8CMrUrNwNQerIgh4yucievGH4muCjkCNyN3jkrp2o,post image or shared preview,supplied post metadata,downloaded,7457529526202347520.jpg,post_images/7457529526202347520.jpg,/Users/ben/Documents/UNDP/SEH/Social Media Analysis/outputs/linkedin_audit_20261002/post_images/7457529526202347520.jpg,1080,1350,0.8,8008579e68913e0899c5b2c39b760387a43774789df94c806269c025b5dddb25,223424,2026-10-02T11:32:47.629025+00:00,206,
7457774467604434944,https://www.linkedin.com/posts/riadmeddeb_%E6%AF%8F%E4%B8%80%E9%A1%B9%E4%BA%BA%E5%B7%A5%E6%99%BA%E8%83%BD%E7%AA%81%E7%A0%B4%E7%9A%84%E8%83%8C%E5%90%8E%E9%83%BD%E9%9A%90%E8%97%8F%E7%9D%80%E6%9B%B4%E4%B8%BA%E5%85%B3%E9%94%AE%E7%9A%84%E5%9B%A0%E7%B4%A0%E8%83%BD%E6%BA%90-%E6%AF%8F%E4%B8%AA%E6%A8%A1%E5%9E%8B%E6%AF%8F%E4%B8%AA%E6%9F%A5%E8%AF%A2%E6%AF%8F%E4%B8%AA%E7%AA%81%E7%A0%B4%E7%9A%84%E8%83%8C%E5%90%8E%E9%83%BD%E9%9A%90%E8%97%8F%E7%9D%80%E4%B8%8D%E6%96%AD%E6%89%A9%E5%A4%A7%E7%9A%84%E5%AE%9E%E4%BD%93%E7%B3%BB%E7%BB%9F-activity-7457774467604434944-UmzO,https://media.licdn.com/dms/image/v2/D5622AQEBaO_0xl-_Dw/feedshare-image-high-res/B56Z39WW_mK0AU-/0/1778071990491?e=2147483647&v=beta&t=_w3h1Gbchcgy2lImazUOPiM5rE0l_QDOjcmSjlTg9js,post image or shared preview,supplied post metadata,downloaded,7457774467604434944.jpg,post_images/7457774467604434944.jpg,/Users/ben/Documents/UNDP/SEH/Social Media Analysis/outputs/linkedin_audit_20261002/post_images/7457774467604434944.jpg,1080,1350,0.8,8008579e68913e0899c5b2c39b760387a43774789df94c806269c025b5dddb25,223424,2026-10-02T11:32:47.628809+00:00,207,
7457788124556083200,https://www.linkedin.com/posts/riadmeddeb_energyfordevelopment-risingupforsids-activity-7457788124556083200-U2ZO,https://media.licdn.com/dms/image/v2/D5622AQHf93Mz8Tev9g/feedshare-image-high-res/B56Z39ix6QH8AU-/0/1778075246560?e=2147483647&v=beta&t=kp2Di4g-8y0RG3j2Bekyr2dEqgyY_PRRa3WoTXpN4dE,post image or shared preview,supplied post metadata,downloaded,7457788124556083200.jpg,post_images/7457788124556083200.jpg,/Users/ben/Documents/UNDP/SEH/Social Media Analysis/outputs/linkedin_audit_20261002/post_images/7457788124556083200.jpg,1080,1350,0.8,d34088bcf4274c54936bc21548f8a9957e9696d39dad4694682b0b4a053c4721,287466,2026-10-02T11:32:47.634931+00:00,208,
7458213906201686016,https://www.linkedin.com/posts/riadmeddeb_energyfordevelopment-ai-datacenter-activity-7458213906201686016-iYpd,https://media.licdn.com/dms/image/v2/D4E05AQGfy4fSQRAOLw/videocover-high/B4EZ4Djn_iIcBM-/0/1778176133376?e=2147483647&v=beta&t=DSuBtZ_I1IMo_qqJVOQ1zHOFTchYqwkWhw-xVGlgOkU,video thumbnail,supplied post metadata,downloaded,7458213906201686016.jpg,post_images/7458213906201686016.jpg,/Users/ben/Documents/UNDP/SEH/Social Media Analysis/outputs/linkedin_audit_20261002/post_images/7458213906201686016.jpg,1272,720,1.7666666666666666,57aa0a219359366d2a0e7dc90e59d9b10359d93f10bdcd06f7dec628764c21a8,20113,2026-10-02T11:32:47.625942+00:00,209,
7458622075562254336,https://www.linkedin.com/posts/riadmeddeb_powering-bosnia-and-herzegovinas-future-activity-7458622075562254336-milS,https://media.licdn.com/dms/image/v2/D4E1FAQFimjNnNu6fDA/feedshare-document-images_1280/B4EZ4JYkHaIcAQ-/1/1778273895657?e=1792022400&v=beta&t=-dkBbl7tQyXFS7BoYMMluxC-RwGwQlc5D_knVCihcD0,document cover,signed-in browser DOM; shared-content visual where applicable,downloaded,7458622075562254336.jpg,post_images/7458622075562254336.jpg,/Users/ben/Documents/UNDP/SEH/Social Media Analysis/outputs/linkedin_audit_20261002/post_images/7458622075562254336.jpg,909,1286,0.7068429237947123,3eee8d16f541ceca79eda0daf308c6a4cc0b02eb10f9ab6faed728e20a4d5d8d,432885,2026-10-02T11:32:47.632118+00:00,210,
7459712850752839680,https://www.linkedin.com/posts/riadmeddeb_undp-tidecentre-greenhydrogen-activity-7459712850752839680-z-W7,https://media.licdn.com/dms/image/v2/D4E22AQFjTrvLJpVIrw/feedshare-shrink_800/B4EZ4Y5TloHsAc-/0/1778534136493?e=2147483647&v=beta&t=dcMDdjcCZz8p0aa566jJDra8DuCprW60xw_-3BK89mE,post image or shared preview,supplied post metadata,downloaded,7459712850752839680.jpg,post_images/7459712850752839680.jpg,/Users/ben/Documents/UNDP/SEH/Social Media Analysis/outputs/linkedin_audit_20261002/post_images/7459712850752839680.jpg,800,1000,0.8,a62572a331654495394fa5df3f118667e23543157e4f96079a42c6b502f50452,119935,2026-10-02T11:32:47.633025+00:00,211,
7460823060372287488,https://www.linkedin.com/posts/riadmeddeb_energyfordevelopment-greenhydrogen-justenergytransition-activity-7460823060372287488-_-k0,https://media.licdn.com/dms/image/v2/D4E22AQFpuAsi9kFEiA/feedshare-shrink_1280/B4EZ4orCTLHcAM-/0/1778798831087?e=2147483647&v=beta&t=vwbO7l9vfkmZ_fg0kcsEUpUTgi8GKcE4B60XzDmk3r4,post image or shared preview,supplied post metadata,downloaded,7460823060372287488.jpg,post_images/7460823060372287488.jpg,/Users/ben/Documents/UNDP/SEH/Social Media Analysis/outputs/linkedin_audit_20261002/post_images/7460823060372287488.jpg,1024,1280,0.8,bbcf0d9b81af3208743b6bf63256778c718bec0828d4eaf13612532864350117,211210,2026-10-02T11:32:47.637480+00:00,212,
7461036897004527617,https://www.linkedin.com/posts/riadmeddeb_cambridge-energyfordevelopment-justenergytransition-activity-7461036897004527617-REwS,https://media.licdn.com/dms/image/v2/D4E05AQGktE3b5VeLgg/videocover-high/B4EZ4rtdi.H8BM-/0/1778849800546?e=2147483647&v=beta&t=ZWQe-W76DldFhkFziUIXO_3qVG7yb2vzJ4-OBR7oksI,video thumbnail,supplied post metadata,downloaded,7461036897004527617.jpg,post_images/7461036897004527617.jpg,/Users/ben/Documents/UNDP/SEH/Social Media Analysis/outputs/linkedin_audit_20261002/post_images/7461036897004527617.jpg,720,1280,0.5625,d172506a5cef10891d7b252005682f347dd13d76d19834f0d88849e0d8d99afe,30392,2026-10-02T11:32:47.631208+00:00,213,
7461399648461758464,https://www.linkedin.com/posts/riadmeddeb_energyfordevelopment-activity-7461399648461758464-RWUW,https://media.licdn.com/dms/image/v2/D4E22AQGfPjycPagUnw/feedshare-image-high-res/B4EZ4w3cIRJoAY-/0/1778936300354?e=2147483647&v=beta&t=FVeBsvLrVDQA0v7WNXTjKFcBsMDZBqbjXoeez7fXqY8,post image or shared preview,supplied post metadata,downloaded,7461399648461758464.jpg,post_images/7461399648461758464.jpg,/Users/ben/Documents/UNDP/SEH/Social Media Analysis/outputs/linkedin_audit_20261002/post_images/7461399648461758464.jpg,1080,1350,0.8,fb3cb32da3d211a2047f3744e7f6402482dd166b410dac25ace697f2c70ac962,275393,2026-10-02T11:32:47.641716+00:00,214,
7462645194190962690,https://www.linkedin.com/posts/riadmeddeb_energyfordevelopment-africaenergytransition-activity-7462645194190962690-LGV5,https://media.licdn.com/dms/image/v2/D4E22AQFOA1VhiwlpOQ/feedshare-shrink_1280/B4EZ5CkQjRJ0AM-/0/1779233262056?e=2147483647&v=beta&t=DlPLmdQfABBRBXUm2kMOPQKLIsv9HguO-oth8H92ojw,post image or shared preview,supplied post metadata,downloaded,7462645194190962690.jpg,post_images/7462645194190962690.jpg,/Users/ben/Documents/UNDP/SEH/Social Media Analysis/outputs/linkedin_audit_20261002/post_images/7462645194190962690.jpg,1080,1350,0.8,c361f2ce9739829f4f64e1843160854fe375ecd8f02d43d46b9b36aa98f490e3,241582,2026-10-02T11:32:47.644747+00:00,215,
7463352282676621313,https://www.linkedin.com/posts/riadmeddeb_accelerating-universal-access-to-sustainable-activity-7463352282676621313-g0uA,https://media.licdn.com/dms/image/sync/v2/D5627AQF3Zakxcp6hvg/articleshare-shrink_800/B4EZ5O2_FxJABI-/0/1779439498972?e=2147483647&v=beta&t=MUwFJImIpIubXDlg8JOROMnmUy4c1AGyds94grXeAng,post image or shared preview,supplied post metadata,downloaded,7463352282676621313.jpg,post_images/7463352282676621313.jpg,/Users/ben/Documents/UNDP/SEH/Social Media Analysis/outputs/linkedin_audit_20261002/post_images/7463352282676621313.jpg,800,533,1.5009380863039399,85303f6d94fa64ff7a0f2eaacd781e9e27e895da48e893fe4f8ff48828c8792e,38822,2026-10-02T11:32:47.636117+00:00,216,
7467326958968754176,https://www.linkedin.com/posts/riadmeddeb_the-energy-sprint-of-the-ai-race-activity-7467326958968754176-8o_B,https://media.licdn.com/dms/image/v2/D561FAQESlREtIGfbew/feedshare-document-images_480/B56Z6E_hEZG8Ag-/1/1780347706191?e=1792022400&v=beta&t=SV13yn2cxLPvGYz3ftq3DlDnMySd-JmrTbWII3uPofY,document cover,signed-in browser DOM; shared-content visual where applicable,downloaded,7467326958968754176.jpg,post_images/7467326958968754176.jpg,/Users/ben/Documents/UNDP/SEH/Social Media Analysis/outputs/linkedin_audit_20261002/post_images/7467326958968754176.jpg,347,491,0.7067209775967414,0ac6a405827ff43a002616ac607086be280899dde7e93107464616734b3a2557,49025,2026-10-02T11:32:47.634788+00:00,217,
7467738616782372864,https://www.linkedin.com/posts/riadmeddeb_cleanenergy-justenergytransition-energyfordevelopment-activity-7467738616782372864-kjqd,https://media.licdn.com/dms/image/v2/D5605AQGkfpkV82AZng/videocover-high/B56Z6K8qU1IoBQ-/0/1780447620164?e=2147483647&v=beta&t=EeKDl2yL9yPohQ82nTdwswxVGHHUumOx61VxFmCnarA,video thumbnail,supplied post metadata,downloaded,7467738616782372864.jpg,post_images/7467738616782372864.jpg,/Users/ben/Documents/UNDP/SEH/Social Media Analysis/outputs/linkedin_audit_20261002/post_images/7467738616782372864.jpg,720,1272,0.5660377358490566,7f8e33284353e65a4eb9ce640b4f942841d76a7cd76d481749b2e5854da1453a,23235,2026-10-02T11:32:47.637996+00:00,218,
7467943943112925184,https://www.linkedin.com/posts/riadmeddeb_the-ai-race-is-arriving-just-as-the-energy-activity-7467943943112925184-yM9f,https://media.licdn.com/dms/image/v2/D5605AQHDnf7FbZhFsQ/videocover-high/B56Z6N3ZHVHABM-/0/1780496570955?e=2147483647&v=beta&t=0GAhcf8PWNwwhpPP6rnLjnHU0oH_47c7js2QJ-mZ76g,video thumbnail,supplied post metadata,downloaded,7467943943112925184.jpg,post_images/7467943943112925184.jpg,/Users/ben/Documents/UNDP/SEH/Social Media Analysis/outputs/linkedin_audit_20261002/post_images/7467943943112925184.jpg,720,1272,0.5660377358490566,d6df478e6ec4970458772c5e02b4e1730d213c1523eaa8ddc9c7c212da679a33,29259,2026-10-02T11:32:47.636955+00:00,219,
7468710605764603904,https://www.linkedin.com/posts/riadmeddeb_energyfordevelopment-worldenvironmentday-activity-7468710605764603904-lOUb,https://media.licdn.com/dms/image/v2/D5622AQHZxBmlzNxP3g/feedshare-shrink_1280/B56Z6YwuEnI4AQ-/0/1780679369235?e=2147483647&v=beta&t=g1Ny_RNWrKWNKQQCAXOpdkrR5EOguAEIQhXxJ8QbAT4,post image or shared preview,supplied post metadata,downloaded,7468710605764603904.jpg,post_images/7468710605764603904.jpg,/Users/ben/Documents/UNDP/SEH/Social Media Analysis/outputs/linkedin_audit_20261002/post_images/7468710605764603904.jpg,1080,1350,0.8,ad2703bf88452a58713579b8a125ac6f6364feab8f27b05c0edb47c6c0cde1d3,277772,2026-10-02T11:32:47.649879+00:00,220,
7468777135604916225,https://www.linkedin.com/posts/riadmeddeb_can-we-move-from-artificial-intelligence-activity-7468777135604916225-oxue,https://media.licdn.com/dms/image/v2/D5622AQH-Ij_hvrK6cg/feedshare-image-high-res/B56Z6ZtOdWJwAU-/0/1780695230531?e=2147483647&v=beta&t=xAMYfwjC-JnEVPOB2SKg239k-cTHwcPphKv-b5gxE4M,post image or shared preview,supplied post metadata,downloaded,7468777135604916225.jpg,post_images/7468777135604916225.jpg,/Users/ben/Documents/UNDP/SEH/Social Media Analysis/outputs/linkedin_audit_20261002/post_images/7468777135604916225.jpg,1080,1080,1.0,5fd4a910aab8b9eef1c8e80edf882e23dc49ae5beb33d64ac7739ea674f54808,197302,2026-10-02T11:32:47.645945+00:00,221,
7470089181441163264,https://www.linkedin.com/posts/riadmeddeb_cleanenergy-justenergytransition-energyfordevelopment-activity-7470089181441163264--sBx,https://dms.licdn.com/playlist/vid/v2/D5605AQEwjzVrkdGkaQ/mp4-720p-30fp-crf28/B56Z6sWewYIoCE-/0/1781008043800?e=2147483647&v=beta&t=rZ8Hp3a2IS0WDhNZ8jaj4H2Hj3a1gJL5hMJvmLcXrdc,video still,"Video frame at 2 seconds from observed media URL; original frame dimensions, no crop",downloaded,7470089181441163264.jpg,post_images/7470089181441163264.jpg,/Users/ben/Documents/UNDP/SEH/Social Media Analysis/outputs/linkedin_audit_20261002/post_images/7470089181441163264.jpg,720,1280,0.5625,747e1171d9a452907cf6e4d81f05408e8ea0703f9a0bfcddc820a334c7dfe823,83812,2026-10-02T11:45:26.270866+00:00,222,2
7472403238600908800,https://www.linkedin.com/posts/riadmeddeb_energyfordevelopment-g7summit-justenergytransition-activity-7472403238600908800-LMFJ,https://media.licdn.com/dms/image/v2/D4E05AQGR7fNj9RxDjw/videocover-high/B4EZ7NPE6vHkBM-/0/1781559744382?e=2147483647&v=beta&t=IUMrPpyIDWMshoS_CsssqLPX_IBPxJKwC531newFarQ,video thumbnail,supplied post metadata,downloaded,7472403238600908800.jpg,post_images/7472403238600908800.jpg,/Users/ben/Documents/UNDP/SEH/Social Media Analysis/outputs/linkedin_audit_20261002/post_images/7472403238600908800.jpg,1272,720,1.7666666666666666,da4113ffb8c08b65c1a0e90b75006c8027859fe2d4927d3b92d2ee128421749c,21819,2026-10-02T11:32:47.640274+00:00,223,
7473022634985783296,https://www.linkedin.com/posts/riadmeddeb_cleanenergy-justenergytransition-energyfordevelopment-activity-7473022634985783296-m9IO,https://dms.licdn.com/playlist/vid/v2/D4E05AQE8AzCFqo-5BQ/mp4-640p-30fp-crf28/B4EZ7WCcSKKcBk-/0/1781707430209?e=2147483647&v=beta&t=oJJLZRDx7BNHWraPzsLDGml9a95Z3-77YtmsfGkaOy4,video still,"Video frame at 10 seconds from observed media URL; original frame dimensions, no crop",downloaded,7473022634985783296.jpg,post_images/7473022634985783296.jpg,/Users/ben/Documents/UNDP/SEH/Social Media Analysis/outputs/linkedin_audit_20261002/post_images/7473022634985783296.jpg,576,1024,0.5625,65248f93304893489d1f35685b7f40c15e918b29af2ffe5397ad4e5eae03ac54,53495,2026-10-02T11:45:26.886415+00:00,224,10
discovered-53363e25653b54a2,https://www.linkedin.com/in/riadmeddeb/recent-activity/all/,https://media.licdn.com/dms/image/sync/v2/D4E27AQEckdvD0Hh8HA/articleshare-shrink_160/B4EZ8TjH0RHoAQ-/0/1782739402677?e=1791547200&v=beta&t=6idygiwq7qUL3XKfjg0rrxLrVfKxu6dqC8VKBNF3OHA,post image or preview,signed-in browser DOM; shared-content visual where applicable,downloaded,discovered-53363e25653b54a2.png,post_images/discovered-53363e25653b54a2.png,/Users/ben/Documents/UNDP/SEH/Social Media Analysis/outputs/linkedin_audit_20261002/post_images/discovered-53363e25653b54a2.png,160,160,1.0,81de49e36f1b21136763ff6c441b10dd22818c99156aa129eca248dca673e42c,3165,2026-10-02T11:32:47.811702+00:00,225,
7478137773065986048,https://www.linkedin.com/posts/riadmeddeb_ahead-of-next-weeks-high-level-political-activity-7478137773065986048-jhoo,https://media.licdn.com/dms/image/v2/D5622AQHWE9u9q35uuw/feedshare-image-high-res/B56Z8eurcMHcAU-/0/1782926981116?e=2147483647&v=beta&t=gRxL5qkXfrCdH96IAJGwrsEwgF2LEQxneFZn-PH6uWk,post image or shared preview,supplied post metadata,downloaded,7478137773065986048.jpg,post_images/7478137773065986048.jpg,/Users/ben/Documents/UNDP/SEH/Social Media Analysis/outputs/linkedin_audit_20261002/post_images/7478137773065986048.jpg,1165,1536,0.7584635416666666,df9a7e3082b1c50c00a03f6faa229f839d6e7d327869ef6b415e7a9c039cc50e,225774,2026-10-02T11:32:47.651269+00:00,226,
discovered-e6562b741ccad918,https://www.linkedin.com/in/riadmeddeb/recent-activity/all/,https://media.licdn.com/dms/image/v2/D5622AQGD4h6onGq3AA/feedshare-shrink_800/B56Z8fuZ6RIQAc-/0/1782943686516?e=1792627200&v=beta&t=fRqfGpPVDkeyUcHBxgAUuqesymogBKervLBfsq25iQo,post image,signed-in browser DOM,downloaded,discovered-e6562b741ccad918.jpg,post_images/discovered-e6562b741ccad918.jpg,/Users/ben/Documents/UNDP/SEH/Social Media Analysis/outputs/linkedin_audit_20261002/post_images/discovered-e6562b741ccad918.jpg,800,800,1.0,7b305aa00152cac39bb5c4fc235ff7dbd5c0dafc276046e5fd81902a6ea3f33c,105188,2026-10-02T11:32:47.716681+00:00,227,
7478579840452034560,https://www.linkedin.com/posts/riadmeddeb_sdg7-hlpf2026-cleanenergy-activity-7478579840452034560-tq-W,https://media.licdn.com/dms/image/v2/D5622AQGeWle6np9rZg/feedshare-shrink_1280/B56Z8lAu_pHUAM-/0/1783032377582?e=2147483647&v=beta&t=Z9wh_EBaCF2ASRniHupLiBbNfDs46zbf87Gnb_GynNM,post image or shared preview,supplied post metadata,downloaded,7478579840452034560.jpg,post_images/7478579840452034560.jpg,/Users/ben/Documents/UNDP/SEH/Social Media Analysis/outputs/linkedin_audit_20261002/post_images/7478579840452034560.jpg,1080,1350,0.8,4b165d45b7090d420b94b71bbc323e88147d4d0c15a885fa4ebc92ca8b41d58a,289936,2026-10-02T11:32:47.653801+00:00,228,
7479862468215787520,https://www.linkedin.com/posts/riadmeddeb_hlpf2026-sdg7-circulareconomy-activity-7479862468215787520-WcHS,https://media.licdn.com/dms/image/v2/D5622AQHZaWx7QKxWZQ/feedshare-image-high-res/B56Z83PRu0HYAY-/0/1783338179739?e=2147483647&v=beta&t=B-3UCp6oCLWnEoxPB9p1m-OSAg28nacz1GtsYxwiWgc,post image or shared preview,supplied post metadata,downloaded,7479862468215787520.jpg,post_images/7479862468215787520.jpg,/Users/ben/Documents/UNDP/SEH/Social Media Analysis/outputs/linkedin_audit_20261002/post_images/7479862468215787520.jpg,1080,1080,1.0,bc6d6ab409bb8be9c00aaf6de540c2b4ca4378ff991422c15f377574d8699c94,206812,2026-10-02T11:32:47.656941+00:00,229,
discovered-b0bbaebb17086f35,https://www.linkedin.com/in/riadmeddeb/recent-activity/all/,https://media.licdn.com/dms/image/v2/D5622AQEzwAFhKXl7sg/feedshare-shrink_800/B56Z86GfGpHYAg-/0/1783386206914?e=1792627200&v=beta&t=psrrQ53M_HTvnuDWEAbLJTgFe7MIfqAcAzvTOKIeN7U,post image,signed-in browser DOM,downloaded,discovered-b0bbaebb17086f35.jpg,post_images/discovered-b0bbaebb17086f35.jpg,/Users/ben/Documents/UNDP/SEH/Social Media Analysis/outputs/linkedin_audit_20261002/post_images/discovered-b0bbaebb17086f35.jpg,800,1000,0.8,e734e1abd574a10ea64eb8372089b910493dbaf354432916d4e9c00cd57a4b68,152665,2026-10-02T11:32:47.717040+00:00,230,
7480081223264911360,https://www.linkedin.com/posts/riadmeddeb_ai-justenergytransition-energyfordevelopment-activity-7480081223264911360-cC7Y,https://media.licdn.com/dms/image/v2/D5622AQEMdsuM4hYArA/feedshare-image-high-res/B56Z86WO2XIgAU-/0/1783390334674?e=2147483647&v=beta&t=_ZR8yRU1wBLAfb5CaMwt1n_b_kHdManQNB12r--GbEs,post image or shared preview,supplied post metadata,downloaded,7480081223264911360.jpg,post_images/7480081223264911360.jpg,/Users/ben/Documents/UNDP/SEH/Social Media Analysis/outputs/linkedin_audit_20261002/post_images/7480081223264911360.jpg,1080,1440,0.75,9f1ce99a3a15a79775c712a3c09491de2992a6fff39a1333085f32fb0e220241,144918,2026-10-02T11:32:47.652059+00:00,231,
7480585463624294400,https://www.linkedin.com/posts/riadmeddeb_hlpf2026-hlpf2026-energyfordevelopment-activity-7480585463624294400-F_Ba,https://media.licdn.com/dms/image/v2/D5605AQFmGILAmLBe3g/videocover-high/B56Z9BgyB3G8BM-/0/1783510542592?e=2147483647&v=beta&t=rYgvwdc9Jr24vI-BfM1FXyKPNVfVq3N0njUZA6y1b8w,video thumbnail,supplied post metadata,downloaded,7480585463624294400.jpg,post_images/7480585463624294400.jpg,/Users/ben/Documents/UNDP/SEH/Social Media Analysis/outputs/linkedin_audit_20261002/post_images/7480585463624294400.jpg,1272,720,1.7666666666666666,8f061485c3d0438422d5719e2494eee02bb229ec3e08ea9cfe483605bb66ae24,70295,2026-10-02T11:32:47.648142+00:00,232,
7480596380525154304,https://www.linkedin.com/posts/riadmeddeb_hlpf2026-sdg7-sdg9-activity-7480596380525154304-_e2r,https://media.licdn.com/dms/image/v2/D5622AQEROVR6qmtCBQ/feedshare-shrink_800/B56Z9BqxDmG4Ac-/0/1783513158297?e=2147483647&v=beta&t=9VTYqZ-MbCTrT-KC_6CZ6elFIObT8bBM7iXjpwdBqsI,post image or shared preview,supplied post metadata,downloaded,7480596380525154304.jpg,post_images/7480596380525154304.jpg,/Users/ben/Documents/UNDP/SEH/Social Media Analysis/outputs/linkedin_audit_20261002/post_images/7480596380525154304.jpg,800,1000,0.8,c5982a5840dda3ab0406202f00fe91dedfafe091d6db71548f2b94256b14b7c1,155041,2026-10-02T11:32:47.654873+00:00,233,
discovered-7f0c5fbbb4efc6a3,https://www.linkedin.com/in/riadmeddeb/recent-activity/all/,https://media.licdn.com/dms/image/v2/D5622AQE-0P2y1mPvzQ/feedshare-shrink_800/B56Z9GSjb1IQAc-/0/1783590696970?e=1792627200&v=beta&t=__BvVVB5C0YO7yXDgjZPmqy7pkBedZoKGa2JPtmmA78,post image,signed-in browser DOM,downloaded,discovered-7f0c5fbbb4efc6a3.jpg,post_images/discovered-7f0c5fbbb4efc6a3.jpg,/Users/ben/Documents/UNDP/SEH/Social Media Analysis/outputs/linkedin_audit_20261002/post_images/discovered-7f0c5fbbb4efc6a3.jpg,800,800,1.0,8b142af8bdbfa5dfc976e030cdbaa4e17c9387970bce467874aa06921543bbfe,105458,2026-10-02T11:32:47.711931+00:00,234,
7481011478859546626,https://www.linkedin.com/posts/riadmeddeb_sdg7-hlpf2026-justenergytransition-activity-7481011478859546626-QkiA,https://media.licdn.com/dms/image/v2/D5622AQFTGN43QroIoA/feedshare-shrink_1280/B56Z9HkTCLGgAQ-/0/1783612125552?e=2147483647&v=beta&t=-nPRE3D34nj2ZJ0O7WuVZn1J7_FC3sioV_3CDDmBoyM,post image or shared preview,supplied post metadata,downloaded,7481011478859546626.jpg,post_images/7481011478859546626.jpg,/Users/ben/Documents/UNDP/SEH/Social Media Analysis/outputs/linkedin_audit_20261002/post_images/7481011478859546626.jpg,1080,1080,1.0,7be726b23f99a67e323f7e308973597c71a9ec23d769a86ce713f7336e7a56b6,189196,2026-10-02T11:32:47.659916+00:00,235,
7481110464567930882,https://www.linkedin.com/posts/riadmeddeb_energyfordevelopment-hlpf2026-sdg7-activity-7481110464567930882-TjRl,https://media.licdn.com/dms/image/v2/D5622AQEACWrlOALVMw/feedshare-shrink_800/B56Z9I.UjeG4Ac-/0/1783635724820?e=2147483647&v=beta&t=Y40V8DjI7cPXpoThZE6tmUEAi6Xn7mOlZdnwVNSPsoU,post image or shared preview,supplied post metadata,downloaded,7481110464567930882.jpg,post_images/7481110464567930882.jpg,/Users/ben/Documents/UNDP/SEH/Social Media Analysis/outputs/linkedin_audit_20261002/post_images/7481110464567930882.jpg,800,1000,0.8,fb4590b4153ec5bc8ac853976cc053a887ace0ff9ce56e8ab31e13c085668edf,184575,2026-10-02T11:32:47.658395+00:00,236,
7481315946607820800,https://www.linkedin.com/posts/riadmeddeb_hlpf2026-sdg7-energyfordevelopment-activity-7481315946607820800-AEoK,https://media.licdn.com/dms/image/v2/D5622AQHB6fwfnTJ3xw/feedshare-shrink_1280/B56Z9L5NnUIMAM-/0/1783684717248?e=2147483647&v=beta&t=01CTPlTH41mwgq3jtB5s9cplnmdO3q043awrBn5Kfao,post image or shared preview,supplied post metadata,downloaded,7481315946607820800.jpg,post_images/7481315946607820800.jpg,/Users/ben/Documents/UNDP/SEH/Social Media Analysis/outputs/linkedin_audit_20261002/post_images/7481315946607820800.jpg,1080,1080,1.0,d83d50c93979049d354d15ac4311411d0d754de2f34af192f2099866e69aa487,211407,2026-10-02T11:32:47.660810+00:00,237,
7481410921228161024,https://www.linkedin.com/posts/riadmeddeb_hlpf2026-energyfordevelopment-hlpf2026-activity-7481410921228161024-CDgN,https://media.licdn.com/dms/image/v2/D5622AQF4U0RE_6wOlQ/feedshare-shrink_800/B56Z9NPlr4G0Ac-/0/1783707360325?e=2147483647&v=beta&t=DjH76G2X9G_4Wnl2HJ7i2xYnc2FhcRUDubEj-CW842g,post image or shared preview,supplied post metadata,downloaded,7481410921228161024.jpg,post_images/7481410921228161024.jpg,/Users/ben/Documents/UNDP/SEH/Social Media Analysis/outputs/linkedin_audit_20261002/post_images/7481410921228161024.jpg,800,1000,0.8,3becca74213a589cbb61f4600dcb0645c03b325560cefaad61b5502117dc76d7,176061,2026-10-02T11:32:47.662047+00:00,238,
discovered-d57b28f34ecdc335,https://www.linkedin.com/in/riadmeddeb/recent-activity/all/,https://media.licdn.com/dms/image/v2/D5622AQF1vOZNFBLsIQ/feedshare-shrink_800/B56Z9S_N8NIQAc-/0/1783803732036?e=1792627200&v=beta&t=CuK8XYhJ6gOFkaImJtatkmF1PTJCP8mOZV_DnapT3GA,post image,signed-in browser DOM,downloaded,discovered-d57b28f34ecdc335.jpg,post_images/discovered-d57b28f34ecdc335.jpg,/Users/ben/Documents/UNDP/SEH/Social Media Analysis/outputs/linkedin_audit_20261002/post_images/discovered-d57b28f34ecdc335.jpg,800,1000,0.8,b1ebf054132277c69b0bd257e9ef11734212142c317ae3d8414761bebf9304b9,190467,2026-10-02T11:32:47.713957+00:00,239,
7482569554393636864,https://www.linkedin.com/posts/riadmeddeb_sdg7-sdg11-justenergytransition-activity-7482569554393636864-CnEc,https://media.licdn.com/dms/image/v2/D4E22AQFHvdDMnrVnrg/feedshare-shrink_1280/B4EZ9dtXAMHwAM-/0/1783983599873?e=2147483647&v=beta&t=PtBxaX3Z-p6j3sK24gL9R3aqRB_wAnxT67FlNkBttyo,post image or shared preview,supplied post metadata,downloaded,7482569554393636864.jpg,post_images/7482569554393636864.jpg,/Users/ben/Documents/UNDP/SEH/Social Media Analysis/outputs/linkedin_audit_20261002/post_images/7482569554393636864.jpg,1080,1080,1.0,fb382fb43a3d7872388c2aac3887ac5bd97aae00b5294ffee8ffad8aee780645,203856,2026-10-02T11:32:47.662922+00:00,240,
7482893403354124288,https://www.linkedin.com/posts/riadmeddeb_africas-energy-story-is-not-only-about-closing-activity-7482893403354124288-6CpT,https://media.licdn.com/dms/image/v2/D4E22AQEmrz7UX995OA/feedshare-shrink_1280/B4EZ9iT5djK4AM-/0/1784060811418?e=2147483647&v=beta&t=qi5upgx0pnydd8jg9KnY_JBmhX8mjpa-NIanlQ2JkeU,post image or shared preview,supplied post metadata,downloaded,7482893403354124288.jpg,post_images/7482893403354124288.jpg,/Users/ben/Documents/UNDP/SEH/Social Media Analysis/outputs/linkedin_audit_20261002/post_images/7482893403354124288.jpg,1080,1080,1.0,b18bcdefc83dd0c77472dc641ee5d72e8d8e73e1e7183b1457fe7b427ccb71ff,190062,2026-10-02T11:32:47.666245+00:00,241,
7483263095835037698,https://www.linkedin.com/posts/riadmeddeb_hlpf2026-energyfordevelopment-hlpf2026-activity-7483263095835037698-rTY7,https://media.licdn.com/dms/image/v2/D4E22AQHhhs165HwRBg/feedshare-shrink_1280/B4EZ9nkH6kK4AM-/0/1784148951011?e=2147483647&v=beta&t=wZAQBYPmMEQZydo5DBl-oxsnLHLmXKK6EpFp_1VeH58,post image or shared preview,supplied post metadata,downloaded,7483263095835037698.jpg,post_images/7483263095835037698.jpg,/Users/ben/Documents/UNDP/SEH/Social Media Analysis/outputs/linkedin_audit_20261002/post_images/7483263095835037698.jpg,1080,1350,0.8,704fdc67401357150bbd070600e559f1c9a127be31199a7da9895b5f7baed954,311564,2026-10-02T11:32:47.674350+00:00,242,
7483453230081871873,https://www.linkedin.com/posts/riadmeddeb_digital-technologies-including-ai-and-digital-activity-7483453230081871873-KJ1T,https://media.licdn.com/dms/image/v2/D4E22AQFJTXN6OgkwQg/feedshare-image-high-res/B4EZ9qRDqCIcAU-/0/1784194284434?e=2147483647&v=beta&t=Gn7NPYLmrTV1r_wcnLgiEy2vgrAXUf-1oZbn8r5FskE,post image or shared preview,supplied post metadata,downloaded,7483453230081871873.jpg,post_images/7483453230081871873.jpg,/Users/ben/Documents/UNDP/SEH/Social Media Analysis/outputs/linkedin_audit_20261002/post_images/7483453230081871873.jpg,1080,1080,1.0,f188d777dbf2ebd00ab9b0fb4de36e3fb9b8a20ffb8189060f9516cbd412dee8,149686,2026-10-02T11:32:47.669807+00:00,243,
7483530264078520321,https://www.linkedin.com/posts/riadmeddeb_sdg7-africa-energyaccess-activity-7483530264078520321-F5tD,https://media.licdn.com/dms/image/v2/D4E22AQFJhtjzcPOtgA/feedshare-shrink_800/B4EZ9rXHf7IkAc-/0/1784212650405?e=2147483647&v=beta&t=s_ONEIjukKO6QR1hHNPOdCbhx9OmeD31Ngxy6SRaX6w,post image or shared preview,supplied post metadata,downloaded,7483530264078520321.jpg,post_images/7483530264078520321.jpg,/Users/ben/Documents/UNDP/SEH/Social Media Analysis/outputs/linkedin_audit_20261002/post_images/7483530264078520321.jpg,800,1000,0.8,67c7ecb095d95a726563cd742ba1bd81f22a9a5091d9a05f09d128d8b8040fa4,152934,2026-10-02T11:32:47.667065+00:00,244,
7483618510993092608,https://www.linkedin.com/posts/riadmeddeb_undp-hlpf2026-greenai-activity-7483618510993092608-dnAf,https://media.licdn.com/dms/image/v2/D4E22AQFncZmCR1sbLA/feedshare-image-high-res/B4EZ9snYFpKIAU-/0/1784233689859?e=2147483647&v=beta&t=VPhOkV8PevOY_lXgxxYBLxoqTFs4crqIDwydKfd5asQ,post image or shared preview,supplied post metadata,downloaded,7483618510993092608.jpg,post_images/7483618510993092608.jpg,/Users/ben/Documents/UNDP/SEH/Social Media Analysis/outputs/linkedin_audit_20261002/post_images/7483618510993092608.jpg,1080,1080,1.0,7bba373bd6cb6ba38d61b7256600952ddb39a2013ef5a5ead57d94279b2ccb31,150119,2026-10-02T11:32:47.669152+00:00,245,
discovered-9e31edc37fcfc71e,https://www.linkedin.com/in/riadmeddeb/recent-activity/all/,https://media.licdn.com/dms/image/v2/D4E22AQFsVwH5sh6R8A/feedshare-shrink_800/B4EZ9_16b2H8Ac-/0/1784556267493?e=1792627200&v=beta&t=B-M4gGgtRANj3YwmZJFSVDm4u7geFCmEwbzJsV1lNTw,post image,signed-in browser DOM,downloaded,discovered-9e31edc37fcfc71e.jpg,post_images/discovered-9e31edc37fcfc71e.jpg,/Users/ben/Documents/UNDP/SEH/Social Media Analysis/outputs/linkedin_audit_20261002/post_images/discovered-9e31edc37fcfc71e.jpg,800,800,1.0,e9799d9ba5296df138c522514bcdf2a7b99c841717e3b32c5cfc582bf7e9bacd,103141,2026-10-02T11:32:47.708983+00:00,246,
discovered-bccc50a15b4d4432,https://www.linkedin.com/in/riadmeddeb/recent-activity/all/,https://media.licdn.com/dms/image/v2/D5622AQGw_L281tOX3g/feedshare-shrink_800/B56Z.GxbPxKMAc-/0/1784672531695?e=1792627200&v=beta&t=LCfIo3Kpc-DyiBKUQFIIM-knWhNuzSZrgvh9PTzf8Ss,post image,signed-in browser DOM,downloaded,discovered-bccc50a15b4d4432.jpg,post_images/discovered-bccc50a15b4d4432.jpg,/Users/ben/Documents/UNDP/SEH/Social Media Analysis/outputs/linkedin_audit_20261002/post_images/discovered-bccc50a15b4d4432.jpg,800,800,1.0,4a06de439798de7e5638ebb473e52a41819e92f2f0340baddd1620914798dcbb,124495,2026-10-02T11:32:47.706246+00:00,247,
7486038150872584192,https://www.linkedin.com/posts/riadmeddeb_the-secretary-generals-message-reminds-us-activity-7486038150872584192-4a9R,https://media.licdn.com/dms/image/v2/D4E22AQHwAhC68zyM2w/feedshare-shrink_1280/B4EZ.Lft6UJYAM-/0/1784751775794?e=2147483647&v=beta&t=GbuP-Mz5eSv8T8IjE6JntqTQUNGKuWj67S1kwA94ZGc,post image or shared preview,supplied post metadata,downloaded,7486038150872584192.jpg,post_images/7486038150872584192.jpg,/Users/ben/Documents/UNDP/SEH/Social Media Analysis/outputs/linkedin_audit_20261002/post_images/7486038150872584192.jpg,1080,1440,0.75,9090411c1973a34e046b11c10386acfd2d33fa75dd9235abc2f814d1b6444371,285044,2026-10-02T11:32:47.675030+00:00,248,
discovered-0e278a5a4dae1973,https://www.linkedin.com/in/riadmeddeb/recent-activity/all/,https://media.licdn.com/dms/image/v2/D561FAQFjeVt1Ii5F2w/feedshare-document-images_800/B56Z9xkF4RIQAk-/1/1784316715466?e=1792022400&v=beta&t=WEzLiUmROPY7F9Kdt_lhwhpaNwoBHT3PAC90fCkxDnU,document cover,signed-in browser DOM; shared-content visual where applicable,downloaded,discovered-0e278a5a4dae1973.jpg,post_images/discovered-0e278a5a4dae1973.jpg,/Users/ben/Documents/UNDP/SEH/Social Media Analysis/outputs/linkedin_audit_20261002/post_images/discovered-0e278a5a4dae1973.jpg,570,806,0.707196029776675,554d11cf7c47ce1b45d457e9a53f3f7e8560ba4c81d715cd06fe308a4a0314e6,162044,2026-10-02T11:32:47.843412+00:00,249,
7488005929389559808,https://www.linkedin.com/posts/riadmeddeb_energyfordevelopment-justenergytransition-activity-7488005929389559808-jN9K,https://media.licdn.com/dms/image/v2/D4E22AQFI32_7SE3UUw/feedshare-shrink_800/B4EZ.q9tiCJUAo-/0/1785279732128?e=2147483647&v=beta&t=X8HBALKUseV_BGecB-Vuh5W7lrvxEiS6g2_yPJU9Mds,post image or shared preview,supplied post metadata,downloaded,7488005929389559808.jpg,post_images/7488005929389559808.jpg,/Users/ben/Documents/UNDP/SEH/Social Media Analysis/outputs/linkedin_audit_20261002/post_images/7488005929389559808.jpg,800,800,1.0,009b15f874034635f6dba07d88711bfecb53454ef71bf77edb40fa115d18c18a,116780,2026-10-02T11:32:47.672307+00:00,250,
discovered-89f9f471da730749,https://www.linkedin.com/in/riadmeddeb/recent-activity/all/,https://media.licdn.com/dms/image/v2/D4E05AQHvw6D0gq538A/videocover-high/B4EZ_Ich3aJYBM-/0/1785774352017?e=1791547200&v=beta&t=qYywbRfFG-UVrFIGcDalxjwbDTDcTkDXg61-x_J8svQ,video thumbnail,signed-in browser DOM; shared-content visual where applicable,downloaded,discovered-89f9f471da730749.jpg,post_images/discovered-89f9f471da730749.jpg,/Users/ben/Documents/UNDP/SEH/Social Media Analysis/outputs/linkedin_audit_20261002/post_images/discovered-89f9f471da730749.jpg,1008,720,1.4,8476a542d2a637286e418e8bdbd8a883d19feea5dc0d4653628ba4998378f8a3,36763,2026-10-02T11:32:47.817623+00:00,251,
7490250430380331008,https://www.linkedin.com/posts/riadmeddeb_good-opportunity-activity-7490250430380331008-J9U2,https://media.licdn.com/dms/image/v2/D5622AQGq8pFqdh2cMQ/feedshare-image-high-res/B56Z_JQwelHAAU-/0/1785788041465?e=2147483647&v=beta&t=HV-ukfXOdZJPgWzrOKUuoqT8Z5C_9vmCqkRaXRAFZMI,post image or shared preview,supplied post metadata,downloaded,7490250430380331008.jpg,post_images/7490250430380331008.jpg,/Users/ben/Documents/UNDP/SEH/Social Media Analysis/outputs/linkedin_audit_20261002/post_images/7490250430380331008.jpg,1080,1080,1.0,5b2aacbae080356682d7734169126e7ebfa49fdeb3b4485b2970f0d045c11a47,66224,2026-10-02T11:32:47.671745+00:00,252,
discovered-56fd386b2825c94a,https://www.linkedin.com/in/riadmeddeb/recent-activity/all/,,no image observed,signed-in browser DOM,no standalone visual observed,,,,,,,,,,253,
discovered-77532b5d221aa124,https://www.linkedin.com/in/riadmeddeb/recent-activity/all/,https://media.licdn.com/dms/image/v2/D5622AQGuZu2MB7bySQ/feedshare-shrink_800/B56Z_TiHi1JcAc-/0/1785960364684?e=1792627200&v=beta&t=LRKfAtdpyoOJwK_YX4fpIGLLdqGYcNLiHV9QrXckcP8,post image,signed-in browser DOM,downloaded,discovered-77532b5d221aa124.jpg,post_images/discovered-77532b5d221aa124.jpg,/Users/ben/Documents/UNDP/SEH/Social Media Analysis/outputs/linkedin_audit_20261002/post_images/discovered-77532b5d221aa124.jpg,800,600,1.3333333333333333,7350323efb4f9ff70e7c042c93c3fc243724db93d4f45197753daa98b59add87,181347,2026-10-02T11:32:47.705300+00:00,254,
discovered-072ebb0e59c8fbd1,https://www.linkedin.com/in/riadmeddeb/recent-activity/all/,https://www.linkedin.com/feed/update/urn:li:activity:7493382039010750464/,video still (browser capture),Signed-in browser video frame at 21.765 seconds; same video aspect ratio within screenshot pixel rounding; includes player controls,downloaded,discovered-072ebb0e59c8fbd1.png,post_images/discovered-072ebb0e59c8fbd1.png,/Users/ben/Documents/UNDP/SEH/Social Media Analysis/outputs/linkedin_audit_20261002/post_images/discovered-072ebb0e59c8fbd1.png,389,687,0.5662299854439592,a7c2430cacafb9281d939be993454fcf487a14fe95669869534fbed31c8cafce,22773,2026-10-02T11:32:47.815140+00:00,255,21.7653
discovered-aa4b79db830e6d4a,https://www.linkedin.com/in/riadmeddeb/recent-activity/all/,https://media.licdn.com/dms/image/v2/D5622AQHP3jdnr0YRVQ/feedshare-shrink_480/B56Z_2bQ.kGgAs-/0/1786545770790?e=1792627200&v=beta&t=ETHBYiqpxriIYSDQZgySTDt89LJUIT6Tjddv_2DD97g,post image,signed-in browser DOM,downloaded,discovered-aa4b79db830e6d4a.jpg,post_images/discovered-aa4b79db830e6d4a.jpg,/Users/ben/Documents/UNDP/SEH/Social Media Analysis/outputs/linkedin_audit_20261002/post_images/discovered-aa4b79db830e6d4a.jpg,480,480,1.0,a1af75d908fdb2f3fe7aac5fb1747e622bc06395fb2aae930df6a9b759825122,59335,2026-10-02T11:32:47.700669+00:00,256,
7495104633820917760,https://www.linkedin.com/posts/riadmeddeb_superb-opportunity-activity-7495104633820917760-UQM2,https://media.licdn.com/dms/image/v2/D4E22AQH4B6Jh4oM5mw/feedshare-shrink_1280/B4EaAA2tRQIkAQ-/0/1786720736613?e=2147483647&v=beta&t=9C7cumYVNvwjyfDCMbsVWJDPl342E1078NgRtD5Jts8,post image or shared preview,supplied post metadata,downloaded,7495104633820917760.jpg,post_images/7495104633820917760.jpg,/Users/ben/Documents/UNDP/SEH/Social Media Analysis/outputs/linkedin_audit_20261002/post_images/7495104633820917760.jpg,1080,1080,1.0,b5d7b385bfe481d8673bb96e2e5e6c8099504235e2fa218088629104e82981c3,78850,2026-10-02T11:32:47.674031+00:00,257,
7499134857953021952,https://www.linkedin.com/posts/riadmeddeb_energyfordevelopment-justenergytransition-activity-7499134857953021952-VTwQ,https://media.licdn.com/dms/image/v2/D5622AQGy3Edf5Tqd-g/feedshare-image-high-res/B56aBJHaeYIYAU-/0/1787933075654?e=2147483647&v=beta&t=02r2C7BQUG7vjH7nAofe6KpVknAV7nYgm5P_s-clUT4,post image or shared preview,supplied post metadata,downloaded,7499134857953021952.jpg,post_images/7499134857953021952.jpg,/Users/ben/Documents/UNDP/SEH/Social Media Analysis/outputs/linkedin_audit_20261002/post_images/7499134857953021952.jpg,1080,1350,0.8,a8e26decb267605e6b1132df35626c895c9a30c84a7322e6cd093120613cb740,267325,2026-10-02T11:32:47.683334+00:00,258,
7501309712609771521,https://www.linkedin.com/posts/riadmeddeb_this-is-an-excellent-opportunity-activity-7501309712609771521-DxBN,https://media.licdn.com/dms/image/v2/D5622AQGsWlDpdchgaw/feedshare-image-high-res/B56aBkePoyHMAU-/0/1788392045405?e=2147483647&v=beta&t=5qPpiNvejE3XKzMxOhraTI109roOwsEHTvqrfgIIyNw,post image or shared preview,supplied post metadata,downloaded,7501309712609771521.jpg,post_images/7501309712609771521.jpg,/Users/ben/Documents/UNDP/SEH/Social Media Analysis/outputs/linkedin_audit_20261002/post_images/7501309712609771521.jpg,1080,1350,0.8,6c6fa33287764521143b0ee2df8c8ee92a11a22dab967260e83907b4c7c238ca,153193,2026-10-02T11:32:47.679165+00:00,259,
7501648766182125569,https://www.linkedin.com/posts/riadmeddeb_great-opportunity-join-our-energy-team-in-activity-7501648766182125569-MAGM,https://media.licdn.com/dms/image/v2/D4D22AQE_4IbjVCMtDA/feedshare-shrink_800/B4DaBsKgE6KQAg-/0/1788521087729?e=2147483647&v=beta&t=cDiTwXme4SlakfoSp1ALyC5l1Iwdwtqb4-jcBZeSaME,post image or shared preview,supplied post metadata,downloaded,7501648766182125569.jpg,post_images/7501648766182125569.jpg,/Users/ben/Documents/UNDP/SEH/Social Media Analysis/outputs/linkedin_audit_20261002/post_images/7501648766182125569.jpg,800,800,1.0,23f4b6b42986f02f29b121da6c558131fce54ee5c39ac279d5beea62d74c05e7,64078,2026-10-02T11:32:47.677721+00:00,260,
7502826765741121536,https://www.linkedin.com/posts/riadmeddeb_energyfordevelopment-justenergytransition-activity-7502826765741121536-PuNV,https://media.licdn.com/dms/image/v2/D5622AQE62Ah_9Idqhw/feedshare-image-high-res/B56aB9lLouKoAY-/0/1788813294408?e=2147483647&v=beta&t=INS0nkdX4yO5LIO_tHt3e-yG02vMVB0DpVYMCWKGPGk,post image or shared preview,supplied post metadata,downloaded,7502826765741121536.jpg,post_images/7502826765741121536.jpg,/Users/ben/Documents/UNDP/SEH/Social Media Analysis/outputs/linkedin_audit_20261002/post_images/7502826765741121536.jpg,1080,1350,0.8,62d40912da379da16dd09083f40bc030c42a9e5c0d723e52463e24f73e98034c,260322,2026-10-02T11:32:47.685463+00:00,261,
discovered-798e3bd6afaf1a95,https://www.linkedin.com/in/riadmeddeb/recent-activity/all/,https://media.licdn.com/dms/image/v2/D5622AQH37jo9Bm0jcQ/feedshare-shrink_800/B56aCGFWuyHYAc-/0/1788955946167?e=1792627200&v=beta&t=72RJ1dGU-9dAIoH8v9OXVXwOZHdcLqPCo8PH2HptF5c,post image,signed-in browser DOM,downloaded,discovered-798e3bd6afaf1a95.jpg,post_images/discovered-798e3bd6afaf1a95.jpg,/Users/ben/Documents/UNDP/SEH/Social Media Analysis/outputs/linkedin_audit_20261002/post_images/discovered-798e3bd6afaf1a95.jpg,800,1000,0.8,8abdd85a3d4f94e8bfee253c0d00d9750c40b6f287574182f04617396f536d14,131624,2026-10-02T11:32:47.703029+00:00,262,
discovered-c452c0e59dc6a0f4,https://www.linkedin.com/in/riadmeddeb/recent-activity/all/,https://media.licdn.com/dms/image/v2/D5622AQG9zbUHLDZYag/feedshare-shrink_800/B56aCGtZZdI8Ag-/0/1788966442860?e=1792627200&v=beta&t=O1H2m6iJzoe94u-BIRcv0-vEQCbh7tQ40cXaYcozxxI,post image,signed-in browser DOM,downloaded,discovered-c452c0e59dc6a0f4.jpg,post_images/discovered-c452c0e59dc6a0f4.jpg,/Users/ben/Documents/UNDP/SEH/Social Media Analysis/outputs/linkedin_audit_20261002/post_images/discovered-c452c0e59dc6a0f4.jpg,800,533,1.5009380863039399,ffde2b6ef475b4a35002f27618bf509e0b2bf017b98b8aa75cabff69f209263b,55465,2026-10-02T11:32:47.698327+00:00,263,
7504241904365219840,https://www.linkedin.com/posts/riadmeddeb_unga81-justenergytransition-energyfordevelopment-activity-7504241904365219840-UEf8,https://media.licdn.com/dms/image/v2/D5622AQELqLIMCc4NUA/feedshare-image-high-res/B56aCRsPp3GUAU-/0/1789150690151?e=2147483647&v=beta&t=wVILf-HoHd1RMVBELJ9eDmPb7r5MCoMenC5Tm5fXMMw,post image or shared preview,supplied post metadata,downloaded,7504241904365219840.jpg,post_images/7504241904365219840.jpg,/Users/ben/Documents/UNDP/SEH/Social Media Analysis/outputs/linkedin_audit_20261002/post_images/7504241904365219840.jpg,1080,1350,0.8,3c1ae58cecdf67f1334585325a7d2ce96cb3a38fe819ef780d224c5472639f0f,181414,2026-10-02T11:32:47.682852+00:00,264,
discovered-f4b841912c8e2a5b,https://www.linkedin.com/in/riadmeddeb/recent-activity/all/,https://media.licdn.com/dms/image/v2/D4E22AQHW6Atg9R_5vw/feedshare-shrink_800/B4EaCk_DkoIYAc-/0/1789474388569?e=1792627200&v=beta&t=YoCyH4pJNmKwaevnwo3tgPzg11LLQEqvtrXO-vwL2pA,post image,signed-in browser DOM,downloaded,discovered-f4b841912c8e2a5b.jpg,post_images/discovered-f4b841912c8e2a5b.jpg,/Users/ben/Documents/UNDP/SEH/Social Media Analysis/outputs/linkedin_audit_20261002/post_images/discovered-f4b841912c8e2a5b.jpg,800,800,1.0,a1ba8ff4056c442ff52beadf492ad6822a202f1c69e6e043990b4f3749e71f9e,133877,2026-10-02T11:32:47.697447+00:00,265,
7505741384595927041,https://www.linkedin.com/posts/riadmeddeb_energyfordevelopment-justenergytransition-activity-7505741384595927041-aq8P,https://media.licdn.com/dms/image/v2/D4E22AQEi2fg8ltncXA/feedshare-shrink_1280/B4EaCnABGrHYAM-/0/1789508195003?e=2147483647&v=beta&t=Vpo6qUtF5pKO1lOgWAlFbUDXd2SfCxjFtlzY-078zg0,post image or shared preview,supplied post metadata,downloaded,7505741384595927041.jpg,post_images/7505741384595927041.jpg,/Users/ben/Documents/UNDP/SEH/Social Media Analysis/outputs/linkedin_audit_20261002/post_images/7505741384595927041.jpg,1080,1350,0.8,aa49fe76eb24436ded74f9446e16a3b81810c4bc2aeb419c25229d53024fdf47,211902,2026-10-02T11:32:47.685059+00:00,266,
7505954891476115457,https://www.linkedin.com/posts/riadmeddeb_unga81-unga81-youthinenergy-activity-7505954891476115457-GPYL/,https://media.licdn.com/dms/image/v2/D4E22AQGphW68SPdp2w/feedshare-shrink_800/B4EaCqCMwUHMAc-/0/1789559098819?e=2147483647&v=beta&t=UNTFrjpmTux3mRcTUUeqB_TFbaSK2vuHH8d74M2bcxg,post image or shared preview,supplied post metadata,downloaded,7505954891476115457.jpg,post_images/7505954891476115457.jpg,/Users/ben/Documents/UNDP/SEH/Social Media Analysis/outputs/linkedin_audit_20261002/post_images/7505954891476115457.jpg,800,800,1.0,b5aedc523d7eed86d0db46f8d379649ff2b85ad0b524c95abe769dfb0114201d,114787,2026-10-02T11:32:47.684429+00:00,267,
7506143134997852160,https://www.linkedin.com/posts/riadmeddeb_greening-moonshot-activity-7506143134997852160-5TvW,https://media.licdn.com/dms/image/v2/D4E1FAQEgi7YkRfVCvw/feedshare-document-cover-images_480/B4EaCstAU8KEBA-/0/1789603877919?e=1791547200&v=beta&t=s_JFCGG7mReVvyRf3PIlI25BN6EinxSGYg3T73sQ68g,document cover,signed-in browser DOM; shared-content visual where applicable,downloaded,7506143134997852160.jpg,post_images/7506143134997852160.jpg,/Users/ben/Documents/UNDP/SEH/Social Media Analysis/outputs/linkedin_audit_20261002/post_images/7506143134997852160.jpg,345,483,0.7142857142857143,3a952a76db7166a665cf0a10b47b002da0a60475f322207d6add0977d44325f4,51688,2026-10-02T11:32:47.680665+00:00,268,
7506435036704018432,https://www.linkedin.com/posts/riadmeddeb_climateweeknyc-artificialintelligence-activity-7506435036704018432-26Es,https://media.licdn.com/dms/image/v2/D4E22AQGxhXR5Buei3w/feedshare-shrink_1280/B4EaCw24_2J4AM-/0/1789673574701?e=2147483647&v=beta&t=-kRmWhfyf4wnSm100PFjJqQf1l_NKZRURLugvSbNoYs,post image or shared preview,supplied post metadata,downloaded,7506435036704018432.jpg,post_images/7506435036704018432.jpg,/Users/ben/Documents/UNDP/SEH/Social Media Analysis/outputs/linkedin_audit_20261002/post_images/7506435036704018432.jpg,1145,1374,0.8333333333333334,6994c21d87f8abf344921d1910c802a0f6a3a42d8418f3feb11fae1f61cd97e6,265310,2026-10-02T11:32:47.691360+00:00,269,
7506759377891090433,https://www.linkedin.com/posts/riadmeddeb_unga81-unga81-youthinenergy-activity-7506759377891090433-ieRK,https://media.licdn.com/dms/image/v2/D4E22AQGSH8m_HHMNEw/feedshare-shrink_800/B4EaC1d4BMHMAc-/0/1789750903131?e=2147483647&v=beta&t=HuwyhhJqH4x3h83vgZCERxHz0PE3LYLQc8CYYFI6GOg,post image or shared preview,supplied post metadata,downloaded,7506759377891090433.jpg,post_images/7506759377891090433.jpg,/Users/ben/Documents/UNDP/SEH/Social Media Analysis/outputs/linkedin_audit_20261002/post_images/7506759377891090433.jpg,800,800,1.0,7353805e9b0d963230e5dbb17ab800f4262f1650ab0382f3c94f2a77cae1de81,114466,2026-10-02T11:32:47.688078+00:00,270,
discovered-b60a94d21aa0cc77,https://www.linkedin.com/in/riadmeddeb/recent-activity/all/,https://media.licdn.com/dms/image/v2/D4E22AQEW4k8pXSVBYw/feedshare-shrink_800/B4EaC8BZZNG4Ac-/0/1789860878173?e=1792627200&v=beta&t=zZ8-jzIGfRdDCp3wt9VsQvisIriJTVemjqTtIRH03us,post image,signed-in browser DOM,downloaded,discovered-b60a94d21aa0cc77.jpg,post_images/discovered-b60a94d21aa0cc77.jpg,/Users/ben/Documents/UNDP/SEH/Social Media Analysis/outputs/linkedin_audit_20261002/post_images/discovered-b60a94d21aa0cc77.jpg,800,1000,0.8,37dcb8315e18ffb49f4a88f71ce0b7e6b9563239db5a28b1e360e4f8ee189d29,175873,2026-10-02T11:32:47.698037+00:00,271,
discovered-09199bffab1488b2,https://www.linkedin.com/in/riadmeddeb/recent-activity/all/,https://media.licdn.com/dms/image/v2/D4D22AQGQmc5goA_wfQ/feedshare-shrink_800/B4DaDGWn73GUAc-/0/1790034214921?e=1792627200&v=beta&t=hSZuHPufU2hC6Rav2UfNax5GxAnpF3GILK7Ck5qW2J8,post image,signed-in browser DOM,downloaded,discovered-09199bffab1488b2.jpg,post_images/discovered-09199bffab1488b2.jpg,/Users/ben/Documents/UNDP/SEH/Social Media Analysis/outputs/linkedin_audit_20261002/post_images/discovered-09199bffab1488b2.jpg,800,811,0.9864364981504316,2bf6dda6e2ba89bd2bdc99072487d4abc742900079c1ef89e30df3c4a0a91439,162738,2026-10-02T11:32:47.696502+00:00,272,
7508479764190515201,https://www.linkedin.com/posts/riadmeddeb_cleancooking-energyaccess-sustainabledevelopment-activity-7508479764190515201-sAcq,https://media.licdn.com/dms/image/v2/D5622AQGwL4oJ2IZ7Xg/feedshare-shrink_1280/B56aDN6js2G0AM-/0/1790161075235?e=2147483647&v=beta&t=H67w22knfv19i92-tMr167rQlUC69rx3Oo6WoKNqyyc,post image or shared preview,supplied post metadata,downloaded,7508479764190515201.jpg,post_images/7508479764190515201.jpg,/Users/ben/Documents/UNDP/SEH/Social Media Analysis/outputs/linkedin_audit_20261002/post_images/7508479764190515201.jpg,1080,1350,0.8,c6b30ebfe077123397812f63cbb7153b8e543de2ab7294e1a4a58153ab31cb37,209566,2026-10-02T11:32:47.697912+00:00,273,
7508654179905748993,https://www.linkedin.com/posts/riadmeddeb_unga-cop31-energytransition-activity-7508654179905748993-HQgr,https://media.licdn.com/dms/image/v2/D5622AQGLZZyOBJZljA/feedshare-shrink_1280/B56aDQZL7EHkAM-/0/1790202658749?e=2147483647&v=beta&t=c_Ow1-G2qZ9vTe8f_H3KyeOwGnrUbutJ-SJz_6gBvY8,post image or shared preview,supplied post metadata,downloaded,7508654179905748993.jpg,post_images/7508654179905748993.jpg,/Users/ben/Documents/UNDP/SEH/Social Media Analysis/outputs/linkedin_audit_20261002/post_images/7508654179905748993.jpg,1080,1080,1.0,77c9175270930a942fb6879c09e3a21be01bbe85caa2490121ed5f65579283f1,234157,2026-10-02T11:32:47.695294+00:00,274,
discovered-8002569961073df7,https://www.linkedin.com/in/riadmeddeb/recent-activity/all/,https://media.licdn.com/dms/image/v2/D5622AQE_a-iRS72GuA/feedshare-shrink_160/B56aDQTh3gGoAk-/0/1790201175798?e=1792627200&v=beta&t=AfbCLmZ8N7IajiZgVdI9cf3W2e-Eor9ENZreqCVJIzw,post image or preview,signed-in browser DOM,downloaded,discovered-8002569961073df7.jpg,post_images/discovered-8002569961073df7.jpg,/Users/ben/Documents/UNDP/SEH/Social Media Analysis/outputs/linkedin_audit_20261002/post_images/discovered-8002569961073df7.jpg,800,1000,0.8,7f32ce581177875212dd3a91bd4b33808ae71b7a48db88c753b8d50a23f48733,154810,2026-10-02T11:32:47.695773+00:00,275,
discovered-00ffc1a25950fd0d,https://www.linkedin.com/in/riadmeddeb/recent-activity/all/,https://media.licdn.com/dms/image/v2/D5622AQGQbapPwFLvBQ/feedshare-shrink_160/B56aDZr5ffHQAo-/0/1790358558922?e=1792627200&v=beta&t=iAQKQfN7FFoXeh_H5MZf0HjoIDlKXbsCkCuZOZUnqEo,post image or preview,signed-in browser DOM,downloaded,discovered-00ffc1a25950fd0d.jpg,post_images/discovered-00ffc1a25950fd0d.jpg,/Users/ben/Documents/UNDP/SEH/Social Media Analysis/outputs/linkedin_audit_20261002/post_images/discovered-00ffc1a25950fd0d.jpg,800,800,1.0,0df394a97df9e409220ac9dfe5777adfaeaa84b4a07b37fa60c5cd5af60db597,98876,2026-10-02T11:32:47.690678+00:00,276,
discovered-535461d5ead63b13,https://www.linkedin.com/in/riadmeddeb/recent-activity/all/,https://media.licdn.com/dms/image/v2/D5622AQFKm0veqStWZA/feedshare-shrink_160/B56aDX87JDG4Ak-/0/1790329467767?e=1792627200&v=beta&t=vVTX1jPvRP77x3UKCyckaGpH_YGc_g_f4iPFb6-KnuU,post image or preview,signed-in browser DOM,downloaded,discovered-535461d5ead63b13.jpg,post_images/discovered-535461d5ead63b13.jpg,/Users/ben/Documents/UNDP/SEH/Social Media Analysis/outputs/linkedin_audit_20261002/post_images/discovered-535461d5ead63b13.jpg,800,1000,0.8,a14db0f606764ea91872b4c2906918eb41eea6cf06e94e2f9c92a39b4e99750a,114039,2026-10-02T11:32:47.692404+00:00,277,
